positive_probability	sign_agreement	magnitude_sigma	center_sd	method	repetitions	reject_count	rejection_rate	wilson_low	wilson_high
0.5	0.5	0.35	0.0	cv_frozen	800	269	0.33625	0.3043646617003492	0.3697004202570097
0.5	0.5	0.35	0.0	cv_retrained	800	288	0.36	0.32748017863459755	0.3938579067029918
0.5	0.5	0.35	0.0	mantel	800	243	0.30375	0.2728830641631252	0.3364926447476027
0.5	0.5	0.35	0.0	naive_selected	800	280	0.35	0.31773641020716853	0.3836972526545343
0.5	0.5	0.35	0.0	nested_max	800	280	0.35	0.31773641020716853	0.3836972526545343
0.5	0.5	0.35	0.0	profile	800	280	0.35	0.31773641020716853	0.3836972526545343
0.5	0.5	0.35	1.0	cv_frozen	800	171	0.21375	0.18674518976163515	0.24349071686611443
0.5	0.5	0.35	1.0	cv_retrained	800	166	0.2075	0.18082986396501166	0.23696577861530888
0.5	0.5	0.35	1.0	mantel	800	144	0.18	0.1549265957030899	0.20813188506854283
0.5	0.5	0.35	1.0	naive_selected	800	154	0.1925	0.16667470856525288	0.22126430030123792
0.5	0.5	0.35	1.0	nested_max	800	144	0.18	0.1549265957030899	0.20813188506854283
0.5	0.5	0.35	1.0	profile	800	142	0.1775	0.15258251570494116	0.2054998594477199
0.5	0.5	0.85	0.0	cv_frozen	800	494	0.6175	0.5833370535908218	0.6505399105008445
0.5	0.5	0.85	0.0	cv_retrained	800	507	0.63375	0.5997995962610649	0.6664220543539168
0.5	0.5	0.85	0.0	mantel	800	464	0.58	0.5454961365286989	0.6137392432783929
0.5	0.5	0.85	0.0	naive_selected	800	508	0.635	0.6010676131832754	0.667642090241192
0.5	0.5	0.85	0.0	nested_max	800	508	0.635	0.6010676131832754	0.667642090241192
0.5	0.5	0.85	0.0	profile	800	508	0.635	0.6010676131832754	0.667642090241192
0.5	0.5	0.85	1.0	cv_frozen	800	435	0.54375	0.5091081534905834	0.5779736948414199
0.5	0.5	0.85	1.0	cv_retrained	800	412	0.515	0.4803790919344114	0.5494775417794183
0.5	0.5	0.85	1.0	mantel	800	366	0.4575	0.42326288654847755	0.492143317929005
0.5	0.5	0.85	1.0	naive_selected	800	384	0.48	0.44555839993242474	0.5146327551158024
0.5	0.5	0.85	1.0	nested_max	800	370	0.4625	0.4282113841345499	0.497147031580876
0.5	0.5	0.85	1.0	profile	800	369	0.46125	0.42697393419917856	0.49589642870676137
0.5	0.75	0.35	0.0	cv_frozen	800	696	0.87	0.8449162121399735	0.8915474194678262
0.5	0.75	0.35	0.0	cv_retrained	800	675	0.84375	0.8169532116264817	0.8672613109821161
0.5	0.75	0.35	0.0	mantel	800	770	0.9625	0.9469716362225407	0.9736079032872091
0.5	0.75	0.35	0.0	naive_selected	800	620	0.775	0.7447886874526116	0.8025829306342666
0.5	0.75	0.35	0.0	nested_max	800	601	0.75125	0.720141337064897	0.7799572776417507
0.5	0.75	0.35	0.0	profile	800	595	0.74375	0.7123834357303729	0.7727868621193601
0.5	0.75	0.35	1.0	cv_frozen	800	696	0.87	0.8449162121399735	0.8915474194678262
0.5	0.75	0.35	1.0	cv_retrained	800	666	0.8325	0.8050477434228419	0.8567743039003836
0.5	0.75	0.35	1.0	mantel	800	741	0.92625	0.9060306261079486	0.9423953819267127
0.5	0.75	0.35	1.0	naive_selected	800	662	0.8275	0.799769976003393	0.8520998600818894
0.5	0.75	0.35	1.0	nested_max	800	611	0.76375	0.7330979112125058	0.7918812315890003
0.5	0.75	0.35	1.0	profile	800	580	0.725	0.6930387592654921	0.7548107464419538
0.5	0.75	0.85	0.0	cv_frozen	800	679	0.84875	0.8222588139218158	0.8719079199247254
0.5	0.75	0.85	0.0	cv_retrained	800	678	0.8475	0.8209315571663153	0.8707471238707399
0.5	0.75	0.85	0.0	mantel	800	622	0.7775	0.747390631353365	0.8049570923524848
0.5	0.75	0.85	0.0	naive_selected	800	597	0.74625	0.71496809697351	0.7751783064951946
0.5	0.75	0.85	0.0	nested_max	800	585	0.73125	0.6994792288635752	0.7608105408912997
0.5	0.75	0.85	0.0	profile	800	583	0.72875	0.6969021266866511	0.7584115374492522
0.5	0.75	0.85	1.0	cv_frozen	800	690	0.8625	0.8368983075521701	0.8846370071987149
0.5	0.75	0.85	1.0	cv_retrained	800	676	0.845	0.818278761644507	0.8684238137735766
0.5	0.75	0.85	1.0	mantel	800	643	0.80375	0.7748046422648461	0.8297921904402056
0.5	0.75	0.85	1.0	naive_selected	800	603	0.75375	0.7227299418226263	0.7823447785029933
0.5	0.75	0.85	1.0	nested_max	800	571	0.71375	0.6814647964790593	0.7439922339430142
0.5	0.75	0.85	1.0	profile	800	562	0.7025	0.669914375270527	0.7331501798661744
0.7	0.5	0.35	0.0	cv_frozen	800	56	0.07	0.05429745287534132	0.0898123806615401
0.7	0.5	0.35	0.0	cv_retrained	800	56	0.07	0.05429745287534132	0.0898123806615401
0.7	0.5	0.35	0.0	mantel	800	64	0.08	0.06314568979049577	0.10086856622227212
0.7	0.5	0.35	0.0	naive_selected	800	61	0.07625	0.05981684063551544	0.09673325694879502
0.7	0.5	0.35	0.0	nested_max	800	59	0.07375	0.05760461807328737	0.09396937389205146
0.7	0.5	0.35	0.0	profile	800	59	0.07375	0.05760461807328737	0.09396937389205146
0.7	0.5	0.35	1.0	cv_frozen	800	48	0.06	0.04555127089333948	0.07865414016765543
0.7	0.5	0.35	1.0	cv_retrained	800	50	0.0625	0.047727082936544686	0.08145443374342187
0.7	0.5	0.35	1.0	mantel	800	39	0.04875	0.03586441780162572	0.06594851797399691
0.7	0.5	0.35	1.0	naive_selected	800	46	0.0575	0.04338329484491769	0.0758460105971056
0.7	0.5	0.35	1.0	nested_max	800	42	0.0525	0.03907279601307098	0.07020429819100907
0.7	0.5	0.35	1.0	profile	800	40	0.05	0.036931386385980994	0.06736960219912745
0.7	0.5	0.85	0.0	cv_frozen	800	413	0.51625	0.4816258071112713	0.5507188794120441
0.7	0.5	0.85	0.0	cv_retrained	800	411	0.51375	0.47913259204411907	0.548235988860225
0.7	0.5	0.85	0.0	mantel	800	421	0.52625	0.4916072857257379	0.5606418232734641
0.7	0.5	0.85	0.0	naive_selected	800	431	0.53875	0.5041035712932386	0.5730260658008214
0.7	0.5	0.85	0.0	nested_max	800	429	0.53625	0.5016025823604913	0.5705509491145973
0.7	0.5	0.85	0.0	profile	800	429	0.53625	0.5016025823604913	0.5705509491145973
0.7	0.5	0.85	1.0	cv_frozen	800	327	0.40875	0.3751990514134117	0.44317309349412426
0.7	0.5	0.85	1.0	cv_retrained	800	313	0.39125	0.3580284600082399	0.42551094556649466
0.7	0.5	0.85	1.0	mantel	800	268	0.335	0.3031505627087722	0.368426466439101
0.7	0.5	0.85	1.0	naive_selected	800	290	0.3625	0.32991856064861297	0.39639563030794805
0.7	0.5	0.85	1.0	nested_max	800	283	0.35375	0.3213884834599114	0.38750933783024893
0.7	0.5	0.85	1.0	profile	800	284	0.355	0.32260633340197653	0.3887795406976695
0.7	0.75	0.35	0.0	cv_frozen	800	651	0.81375	0.785296238791033	0.8392050163899053
0.7	0.75	0.35	0.0	cv_retrained	800	648	0.81	0.7813585824895336	0.8356785142629474
0.7	0.75	0.35	0.0	mantel	800	686	0.8575	0.8315662014027991	0.8800169021101427
0.7	0.75	0.35	0.0	naive_selected	800	622	0.7775	0.747390631353365	0.8049570923524848
0.7	0.75	0.35	0.0	nested_max	800	609	0.76125	0.7305038578498542	0.7894991793326802
0.7	0.75	0.35	0.0	profile	800	604	0.755	0.7240247462188395	0.7835380269162658
0.7	0.75	0.35	1.0	cv_frozen	800	621	0.77625	0.7460894743474059	0.8037701965489582
0.7	0.75	0.35	1.0	cv_retrained	800	602	0.7525	0.7214354726700669	0.7811511948460665
0.7	0.75	0.35	1.0	mantel	800	671	0.83875	0.8116565370083233	0.8626057743623312
0.7	0.75	0.35	1.0	naive_selected	800	590	0.7375	0.7059273962307174	0.7668026375715865
0.7	0.75	0.35	1.0	nested_max	800	547	0.68375	0.6507138985281875	0.7150298644662265
0.7	0.75	0.35	1.0	profile	800	529	0.66125	0.6277524354100065	0.693206377013663
0.7	0.75	0.85	0.0	cv_frozen	800	635	0.79375	0.7643404031459192	0.8203520070832461
0.7	0.75	0.85	0.0	cv_retrained	800	632	0.79	0.7604230597704305	0.8168051920302777
0.7	0.75	0.85	0.0	mantel	800	600	0.75	0.71884753333338	0.778763028563782
0.7	0.75	0.85	0.0	naive_selected	800	568	0.71	0.6776120807946185	0.7403807911989976
0.7	0.75	0.85	0.0	nested_max	800	563	0.70375	0.6711966179409363	0.7343559900052508
0.7	0.75	0.85	0.0	profile	800	562	0.7025	0.669914375270527	0.7331501798661744
0.7	0.75	0.85	1.0	cv_frozen	800	645	0.80625	0.7774249148421484	0.8321480234818752
0.7	0.75	0.85	1.0	cv_retrained	800	633	0.79125	0.7617284411390669	0.817987863471127
0.7	0.75	0.85	1.0	mantel	800	632	0.79	0.7604230597704305	0.8168051920302777
0.7	0.75	0.85	1.0	naive_selected	800	595	0.74375	0.7123834357303729	0.7727868621193601
0.7	0.75	0.85	1.0	nested_max	800	557	0.69625	0.6635073552523973	0.727116935836875
0.7	0.75	0.85	1.0	profile	800	536	0.67	0.636671909637673	0.7017032724523973
