phase	positive_probability	sign_agreement	magnitude_sigma	magnitude_rho	center_sd	center_rho	dyadic_weight	dyadic_rho	method	repetitions	n_perm	rejection_rate	wilson_low	wilson_high	median_p_value	mean_observed_profile_weight	mean_realized_sign_agreement	mean_realized_positive_probability	mean_realized_log_radius_sd	mean_realized_log_radius_correlation	mean_realized_center_correlation
seed2	0.5	0.5	0.35	0.55	0.0	0.8	0.15	0.5	profile	400	199	0.365	0.3193122416823519	0.4132560777879081	0.0875	0.6205422072213079	0.5031666666666667	0.502875	0.34640966443445964	0.5423762501328884	0.7555367632515427
seed2	0.5	0.5	0.35	0.55	0.0	0.8	0.15	0.5	mantel	400	199	0.3	0.25716767195619705	0.34663724577752153	0.11	0.6205422072213079	0.5031666666666667	0.502875	0.34640966443445964	0.5423762501328884	0.7555367632515427
seed2	0.5	0.5	0.35	0.55	0.0	0.8	0.15	0.5	naive_selected	400	199	0.365	0.3193122416823519	0.4132560777879081	0.0875	0.6205422072213079	0.5031666666666667	0.502875	0.34640966443445964	0.5423762501328884	0.7555367632515427
seed2	0.5	0.5	0.35	0.55	0.0	0.8	0.15	0.5	nested_max	400	199	0.365	0.3193122416823519	0.4132560777879081	0.0875	0.6205422072213079	0.5031666666666667	0.502875	0.34640966443445964	0.5423762501328884	0.7555367632515427
seed2	0.5	0.5	0.35	0.55	0.0	0.8	0.15	0.5	cv_retrained	400	199	0.38	0.3337874943779953	0.4284954562622359	0.095	0.6205422072213079	0.5031666666666667	0.502875	0.34640966443445964	0.5423762501328884	0.7555367632515427
seed2	0.5	0.5	0.35	0.55	0.0	0.8	0.15	0.5	cv_frozen	400	199	0.3425	0.29769101850421636	0.3903053542110871	0.1	0.6205422072213079	0.5031666666666667	0.502875	0.34640966443445964	0.5423762501328884	0.7555367632515427
seed2	0.5	0.5	0.35	0.55	1.0	0.8	0.15	0.5	profile	400	199	0.1875	0.15228915456130324	0.2286560293976321	0.225	0.5540862804184963	0.4974583333333334	0.4964791666666666	0.34573766003759565	0.5452723991319911	0.7583252206026971
seed2	0.5	0.5	0.35	0.55	1.0	0.8	0.15	0.5	mantel	400	199	0.1825	0.14772734739355886	0.22331295950871943	0.2275	0.5540862804184963	0.4974583333333334	0.4964791666666666	0.34573766003759565	0.5452723991319911	0.7583252206026971
seed2	0.5	0.5	0.35	0.55	1.0	0.8	0.15	0.5	naive_selected	400	199	0.2025	0.16603379503442495	0.24462602009448153	0.185	0.5540862804184963	0.4974583333333334	0.4964791666666666	0.34573766003759565	0.5452723991319911	0.7583252206026971
seed2	0.5	0.5	0.35	0.55	1.0	0.8	0.15	0.5	nested_max	400	199	0.1875	0.15228915456130324	0.2286560293976321	0.2075	0.5540862804184963	0.4974583333333334	0.4964791666666666	0.34573766003759565	0.5452723991319911	0.7583252206026971
seed2	0.5	0.5	0.35	0.55	1.0	0.8	0.15	0.5	cv_retrained	400	199	0.215	0.17755148423753886	0.25787052353301015	0.2075	0.5540862804184963	0.4974583333333334	0.4964791666666666	0.34573766003759565	0.5452723991319911	0.7583252206026971
seed2	0.5	0.5	0.35	0.55	1.0	0.8	0.15	0.5	cv_frozen	400	199	0.22	0.1821738927340146	0.2631529920931915	0.2175	0.5540862804184963	0.4974583333333334	0.4964791666666666	0.34573766003759565	0.5452723991319911	0.7583252206026971
seed2	0.5	0.5	0.85	0.55	0.0	0.8	0.15	0.5	profile	400	199	0.635	0.5867439222120918	0.680687758317648	0.02	0.6218340732110162	0.4990833333333334	0.4995833333333334	0.8342301165846691	0.5412684498432843	0.7820161035090005
seed2	0.5	0.5	0.85	0.55	0.0	0.8	0.15	0.5	mantel	400	199	0.58	0.5310957511319983	0.6273822817745143	0.03	0.6218340732110162	0.4990833333333334	0.4995833333333334	0.8342301165846691	0.5412684498432843	0.7820161035090005
seed2	0.5	0.5	0.85	0.55	0.0	0.8	0.15	0.5	naive_selected	400	199	0.635	0.5867439222120918	0.680687758317648	0.02	0.6218340732110162	0.4990833333333334	0.4995833333333334	0.8342301165846691	0.5412684498432843	0.7820161035090005
seed2	0.5	0.5	0.85	0.55	0.0	0.8	0.15	0.5	nested_max	400	199	0.635	0.5867439222120918	0.680687758317648	0.02	0.6218340732110162	0.4990833333333334	0.4995833333333334	0.8342301165846691	0.5412684498432843	0.7820161035090005
seed2	0.5	0.5	0.85	0.55	0.0	0.8	0.15	0.5	cv_retrained	400	199	0.6275	0.5791182279031106	0.6734561370416436	0.025	0.6218340732110162	0.4990833333333334	0.4995833333333334	0.8342301165846691	0.5412684498432843	0.7820161035090005
seed2	0.5	0.5	0.85	0.55	0.0	0.8	0.15	0.5	cv_frozen	400	199	0.615	0.5664353568701253	0.6613768154329864	0.025	0.6218340732110162	0.4990833333333334	0.4995833333333334	0.8342301165846691	0.5412684498432843	0.7820161035090005
seed2	0.5	0.5	0.85	0.55	1.0	0.8	0.15	0.5	profile	400	199	0.4475	0.39950089322688126	0.4964978976782199	0.065	0.5384896088652078	0.5034166666666667	0.49912499999999993	0.837653815861689	0.5510428914461264	0.7536842195584993
seed2	0.5	0.5	0.85	0.55	1.0	0.8	0.15	0.5	mantel	400	199	0.4375	0.3897078504391739	0.48648118635261317	0.07	0.5384896088652078	0.5034166666666667	0.49912499999999993	0.837653815861689	0.5510428914461264	0.7536842195584993
seed2	0.5	0.5	0.85	0.55	1.0	0.8	0.15	0.5	naive_selected	400	199	0.4625	0.41422725327343163	0.5114861688016406	0.06	0.5384896088652078	0.5034166666666667	0.49912499999999993	0.837653815861689	0.5510428914461264	0.7536842195584993
seed2	0.5	0.5	0.85	0.55	1.0	0.8	0.15	0.5	nested_max	400	199	0.4475	0.39950089322688126	0.4964978976782199	0.065	0.5384896088652078	0.5034166666666667	0.49912499999999993	0.837653815861689	0.5510428914461264	0.7536842195584993
seed2	0.5	0.5	0.85	0.55	1.0	0.8	0.15	0.5	cv_retrained	400	199	0.52	0.47108291490392346	0.5685365933227047	0.045	0.5384896088652078	0.5034166666666667	0.49912499999999993	0.837653815861689	0.5510428914461264	0.7536842195584993
seed2	0.5	0.5	0.85	0.55	1.0	0.8	0.15	0.5	cv_frozen	400	199	0.55	0.5010009985806122	0.5980477719859582	0.04	0.5384896088652078	0.5034166666666667	0.49912499999999993	0.837653815861689	0.5510428914461264	0.7536842195584993
seed2	0.5	0.75	0.35	0.55	0.0	0.8	0.15	0.5	profile	400	199	0.785	0.7421294764669898	0.8224485157624611	0.01	0.5922678085289299	0.7456666666666666	0.4985833333333333	0.34453782425993096	0.5455939466273485	0.7694223326491012
seed2	0.5	0.75	0.35	0.55	0.0	0.8	0.15	0.5	mantel	400	199	0.9675	0.9451958471762332	0.9809101576211996	0.005	0.5922678085289299	0.7456666666666666	0.4985833333333333	0.34453782425993096	0.5455939466273485	0.7694223326491012
seed2	0.5	0.75	0.35	0.55	0.0	0.8	0.15	0.5	naive_selected	400	199	0.805	0.7633481418022936	0.8408493586537855	0.01	0.5922678085289299	0.7456666666666666	0.4985833333333333	0.34453782425993096	0.5455939466273485	0.7694223326491012
seed2	0.5	0.75	0.35	0.55	0.0	0.8	0.15	0.5	nested_max	400	199	0.7925	0.7500694660392275	0.829365841775209	0.01	0.5922678085289299	0.7456666666666666	0.4985833333333333	0.34453782425993096	0.5455939466273485	0.7694223326491012
seed2	0.5	0.75	0.35	0.55	0.0	0.8	0.15	0.5	cv_retrained	400	199	0.8675	0.8307536803033191	0.897254783360973	0.005	0.5922678085289299	0.7456666666666666	0.4985833333333333	0.34453782425993096	0.5455939466273485	0.7694223326491012
seed2	0.5	0.75	0.35	0.55	0.0	0.8	0.15	0.5	cv_frozen	400	199	0.88	0.8444860470597602	0.9082846092461745	0.005	0.5922678085289299	0.7456666666666666	0.4985833333333333	0.34453782425993096	0.5455939466273485	0.7694223326491012
seed2	0.5	0.75	0.35	0.55	1.0	0.8	0.15	0.5	profile	400	199	0.715	0.6688804833361408	0.7570292301001116	0.015	0.574391174106984	0.7472916666666666	0.4979375	0.34504610654744056	0.5430669434196171	0.7488784723146799
seed2	0.5	0.75	0.35	0.55	1.0	0.8	0.15	0.5	mantel	400	199	0.9325	0.9035733345645931	0.9531985308362403	0.005	0.574391174106984	0.7472916666666666	0.4979375	0.34504610654744056	0.5430669434196171	0.7488784723146799
seed2	0.5	0.75	0.35	0.55	1.0	0.8	0.15	0.5	naive_selected	400	199	0.8225	0.782040489241534	0.8568240809128447	0.01	0.574391174106984	0.7472916666666666	0.4979375	0.34504610654744056	0.5430669434196171	0.7488784723146799
seed2	0.5	0.75	0.35	0.55	1.0	0.8	0.15	0.5	nested_max	400	199	0.755	0.710557459419624	0.7945912704698848	0.01	0.574391174106984	0.7472916666666666	0.4979375	0.34504610654744056	0.5430669434196171	0.7488784723146799
seed2	0.5	0.75	0.35	0.55	1.0	0.8	0.15	0.5	cv_retrained	400	199	0.8275	0.7874046544953168	0.8613647927157191	0.01	0.574391174106984	0.7472916666666666	0.4979375	0.34504610654744056	0.5430669434196171	0.7488784723146799
seed2	0.5	0.75	0.35	0.55	1.0	0.8	0.15	0.5	cv_frozen	400	199	0.87	0.8334921544792615	0.8994687477133592	0.005	0.574391174106984	0.7472916666666666	0.4979375	0.34504610654744056	0.5430669434196171	0.7488784723146799
seed2	0.5	0.75	0.85	0.55	0.0	0.8	0.15	0.5	profile	400	199	0.705	0.658528950995276	0.7475710083276624	0.015	0.5812018975426556	0.75	0.49766666666666665	0.8368624577283873	0.5421181920073243	0.7673965295799086
seed2	0.5	0.75	0.85	0.55	0.0	0.8	0.15	0.5	mantel	400	199	0.7625	0.7184235572819022	0.8015824881925919	0.01	0.5812018975426556	0.75	0.49766666666666665	0.8368624577283873	0.5421181920073243	0.7673965295799086
seed2	0.5	0.75	0.85	0.55	0.0	0.8	0.15	0.5	naive_selected	400	199	0.72	0.6740660138899559	0.7617485766029535	0.015	0.5812018975426556	0.75	0.49766666666666665	0.8368624577283873	0.5421181920073243	0.7673965295799086
seed2	0.5	0.75	0.85	0.55	0.0	0.8	0.15	0.5	nested_max	400	199	0.705	0.658528950995276	0.7475710083276624	0.015	0.5812018975426556	0.75	0.49766666666666665	0.8368624577283873	0.5421181920073243	0.7673965295799086
seed2	0.5	0.75	0.85	0.55	0.0	0.8	0.15	0.5	cv_retrained	400	199	0.8275	0.7874046544953168	0.8613647927157191	0.01	0.5812018975426556	0.75	0.49766666666666665	0.8368624577283873	0.5421181920073243	0.7673965295799086
seed2	0.5	0.75	0.85	0.55	0.0	0.8	0.15	0.5	cv_frozen	400	199	0.8275	0.7874046544953168	0.8613647927157191	0.005	0.5812018975426556	0.75	0.49766666666666665	0.8368624577283873	0.5421181920073243	0.7673965295799086
seed2	0.5	0.75	0.85	0.55	1.0	0.8	0.15	0.5	profile	400	199	0.69	0.643049046352087	0.7333362818008802	0.015	0.5548155967266379	0.7515833333333335	0.5017083333333333	0.8406347448452252	0.5446515949262831	0.768950475821135
seed2	0.5	0.75	0.85	0.55	1.0	0.8	0.15	0.5	mantel	400	199	0.7875	0.7447739406814162	0.8247564900763633	0.005	0.5548155967266379	0.7515833333333335	0.5017083333333333	0.8406347448452252	0.5446515949262831	0.768950475821135
seed2	0.5	0.75	0.85	0.55	1.0	0.8	0.15	0.5	naive_selected	400	199	0.735	0.6896629392432349	0.7758662824196457	0.01	0.5548155967266379	0.7515833333333335	0.5017083333333333	0.8406347448452252	0.5446515949262831	0.768950475821135
seed2	0.5	0.75	0.85	0.55	1.0	0.8	0.15	0.5	nested_max	400	199	0.7025	0.6559450648860605	0.7452024559085495	0.015	0.5548155967266379	0.7515833333333335	0.5017083333333333	0.8406347448452252	0.5446515949262831	0.768950475821135
seed2	0.5	0.75	0.85	0.55	1.0	0.8	0.15	0.5	cv_retrained	400	199	0.8225	0.782040489241534	0.8568240809128447	0.01	0.5548155967266379	0.7515833333333335	0.5017083333333333	0.8406347448452252	0.5446515949262831	0.768950475821135
seed2	0.5	0.75	0.85	0.55	1.0	0.8	0.15	0.5	cv_frozen	400	199	0.8425	0.8035652075632727	0.8749188708177342	0.01	0.5548155967266379	0.7515833333333335	0.5017083333333333	0.8406347448452252	0.5446515949262831	0.768950475821135
seed2	0.7	0.5	0.35	0.55	0.0	0.8	0.15	0.5	profile	400	199	0.0725	0.05095051840227673	0.10218249325354675	0.3975	0.5093472276059127	0.5007083333333333	0.7013541666666666	0.3452365242744376	0.5444214370599844	0.7477200574702677
seed2	0.7	0.5	0.35	0.55	0.0	0.8	0.15	0.5	mantel	400	199	0.0925	0.06785393449857381	0.12489858538387784	0.335	0.5093472276059127	0.5007083333333333	0.7013541666666666	0.3452365242744376	0.5444214370599844	0.7477200574702677
seed2	0.7	0.5	0.35	0.55	0.0	0.8	0.15	0.5	naive_selected	400	199	0.0775	0.05513293467684451	0.10790495403563602	0.3725	0.5093472276059127	0.5007083333333333	0.7013541666666666	0.3452365242744376	0.5444214370599844	0.7477200574702677
seed2	0.7	0.5	0.35	0.55	0.0	0.8	0.15	0.5	nested_max	400	199	0.0725	0.05095051840227673	0.10218249325354675	0.3975	0.5093472276059127	0.5007083333333333	0.7013541666666666	0.3452365242744376	0.5444214370599844	0.7477200574702677
seed2	0.7	0.5	0.35	0.55	0.0	0.8	0.15	0.5	cv_retrained	400	199	0.0775	0.05513293467684451	0.10790495403563602	0.425	0.5093472276059127	0.5007083333333333	0.7013541666666666	0.3452365242744376	0.5444214370599844	0.7477200574702677
seed2	0.7	0.5	0.35	0.55	0.0	0.8	0.15	0.5	cv_frozen	400	199	0.08	0.05723575041013351	0.11075457683067555	0.435	0.5093472276059127	0.5007083333333333	0.7013541666666666	0.3452365242744376	0.5444214370599844	0.7477200574702677
seed2	0.7	0.5	0.35	0.55	1.0	0.8	0.15	0.5	profile	400	199	0.0525	0.034591528357920405	0.07892197507127496	0.49	0.5069135810812598	0.4945833333333334	0.696875	0.3477367286311791	0.5468055887980612	0.7673659466646339
seed2	0.7	0.5	0.35	0.55	1.0	0.8	0.15	0.5	mantel	400	199	0.055	0.03659849414955068	0.08186744780797323	0.505	0.5069135810812598	0.4945833333333334	0.696875	0.3477367286311791	0.5468055887980612	0.7673659466646339
seed2	0.7	0.5	0.35	0.55	1.0	0.8	0.15	0.5	naive_selected	400	199	0.06	0.040647970113724695	0.0877228489004562	0.46499999999999997	0.5069135810812598	0.4945833333333334	0.696875	0.3477367286311791	0.5468055887980612	0.7673659466646339
seed2	0.7	0.5	0.35	0.55	1.0	0.8	0.15	0.5	nested_max	400	199	0.055	0.03659849414955068	0.08186744780797323	0.51	0.5069135810812598	0.4945833333333334	0.696875	0.3477367286311791	0.5468055887980612	0.7673659466646339
seed2	0.7	0.5	0.35	0.55	1.0	0.8	0.15	0.5	cv_retrained	400	199	0.065	0.04474048189620036	0.09353521417463759	0.4225	0.5069135810812598	0.4945833333333334	0.696875	0.3477367286311791	0.5468055887980612	0.7673659466646339
seed2	0.7	0.5	0.35	0.55	1.0	0.8	0.15	0.5	cv_frozen	400	199	0.07	0.04887162669974449	0.09930894642775051	0.4475	0.5069135810812598	0.4945833333333334	0.696875	0.3477367286311791	0.5468055887980612	0.7673659466646339
seed2	0.7	0.5	0.85	0.55	0.0	0.8	0.15	0.5	profile	400	199	0.565	0.516026076233405	0.6127373255031363	0.03	0.5770744447237262	0.49704166666666666	0.6981041666666666	0.8481578594574205	0.5566591523295198	0.7678120389309708
seed2	0.7	0.5	0.85	0.55	0.0	0.8	0.15	0.5	mantel	400	199	0.5475	0.49850112055362783	0.5955952114846139	0.04	0.5770744447237262	0.49704166666666666	0.6981041666666666	0.8481578594574205	0.5566591523295198	0.7678120389309708
seed2	0.7	0.5	0.85	0.55	0.0	0.8	0.15	0.5	naive_selected	400	199	0.57	0.5210443194375308	0.6176239593556675	0.03	0.5770744447237262	0.49704166666666666	0.6981041666666666	0.8481578594574205	0.5566591523295198	0.7678120389309708
seed2	0.7	0.5	0.85	0.55	0.0	0.8	0.15	0.5	nested_max	400	199	0.565	0.516026076233405	0.6127373255031363	0.03	0.5770744447237262	0.49704166666666666	0.6981041666666666	0.8481578594574205	0.5566591523295198	0.7678120389309708
seed2	0.7	0.5	0.85	0.55	0.0	0.8	0.15	0.5	cv_retrained	400	199	0.555	0.506004433664882	0.6029492139583456	0.04	0.5770744447237262	0.49704166666666666	0.6981041666666666	0.8481578594574205	0.5566591523295198	0.7678120389309708
seed2	0.7	0.5	0.85	0.55	0.0	0.8	0.15	0.5	cv_frozen	400	199	0.5525	0.50350210232178	0.6004991067731187	0.04	0.5770744447237262	0.49704166666666666	0.6981041666666666	0.8481578594574205	0.5566591523295198	0.7678120389309708
seed2	0.7	0.5	0.85	0.55	1.0	0.8	0.15	0.5	profile	400	199	0.36	0.3144979076102711	0.40816553480333195	0.095	0.516584699548391	0.5004583333333333	0.7039375	0.8434593569437564	0.5478256708196344	0.7601949188113651
seed2	0.7	0.5	0.85	0.55	1.0	0.8	0.15	0.5	mantel	400	199	0.3375	0.2929016377213044	0.38518985793734206	0.105	0.516584699548391	0.5004583333333333	0.7039375	0.8434593569437564	0.5478256708196344	0.7601949188113651
seed2	0.7	0.5	0.85	0.55	1.0	0.8	0.15	0.5	naive_selected	400	199	0.3575	0.3120927823653414	0.40561822151993315	0.09	0.516584699548391	0.5004583333333333	0.7039375	0.8434593569437564	0.5478256708196344	0.7601949188113651
seed2	0.7	0.5	0.85	0.55	1.0	0.8	0.15	0.5	nested_max	400	199	0.355	0.30968902656541786	0.40306953879152807	0.0975	0.516584699548391	0.5004583333333333	0.7039375	0.8434593569437564	0.5478256708196344	0.7601949188113651
seed2	0.7	0.5	0.85	0.55	1.0	0.8	0.15	0.5	cv_retrained	400	199	0.405	0.3580179525239347	0.4537893833995817	0.075	0.516584699548391	0.5004583333333333	0.7039375	0.8434593569437564	0.5478256708196344	0.7601949188113651
seed2	0.7	0.5	0.85	0.55	1.0	0.8	0.15	0.5	cv_frozen	400	199	0.4225	0.3750554237475196	0.47141898187429637	0.065	0.516584699548391	0.5004583333333333	0.7039375	0.8434593569437564	0.5478256708196344	0.7601949188113651
seed2	0.7	0.75	0.35	0.55	0.0	0.8	0.15	0.5	profile	400	199	0.7525	0.7079392288053334	0.7922570625558467	0.015	0.6040099850929934	0.7514166666666666	0.700625	0.34675604876503924	0.5536349763642922	0.7492868779466328
seed2	0.7	0.75	0.35	0.55	0.0	0.8	0.15	0.5	mantel	400	199	0.8525	0.8143999058527144	0.8838939266416067	0.005	0.6040099850929934	0.7514166666666666	0.700625	0.34675604876503924	0.5536349763642922	0.7492868779466328
seed2	0.7	0.75	0.35	0.55	0.0	0.8	0.15	0.5	naive_selected	400	199	0.78	0.7368470079068086	0.8178261072659854	0.01	0.6040099850929934	0.7514166666666666	0.700625	0.34675604876503924	0.5536349763642922	0.7492868779466328
seed2	0.7	0.75	0.35	0.55	0.0	0.8	0.15	0.5	nested_max	400	199	0.76	0.715799603858965	0.7992540030872007	0.015	0.6040099850929934	0.7514166666666666	0.700625	0.34675604876503924	0.5536349763642922	0.7492868779466328
seed2	0.7	0.75	0.35	0.55	0.0	0.8	0.15	0.5	cv_retrained	400	199	0.82	0.7793624469518832	0.8545496846741669	0.01	0.6040099850929934	0.7514166666666666	0.700625	0.34675604876503924	0.5536349763642922	0.7492868779466328
seed2	0.7	0.75	0.35	0.55	0.0	0.8	0.15	0.5	cv_frozen	400	199	0.8175	0.7766870404912806	0.8522726526064411	0.01	0.6040099850929934	0.7514166666666666	0.700625	0.34675604876503924	0.5536349763642922	0.7492868779466328
seed2	0.7	0.75	0.35	0.55	1.0	0.8	0.15	0.5	profile	400	199	0.675	0.6276239644145414	0.7190467325684549	0.02	0.5811523602678307	0.7460833333333332	0.7003333333333334	0.3465383560720325	0.5537451013676872	0.7511763401719216
seed2	0.7	0.75	0.35	0.55	1.0	0.8	0.15	0.5	mantel	400	199	0.8325	0.7927798983351753	0.8658944259325176	0.005	0.5811523602678307	0.7460833333333332	0.7003333333333334	0.3465383560720325	0.5537451013676872	0.7511763401719216
seed2	0.7	0.75	0.35	0.55	1.0	0.8	0.15	0.5	naive_selected	400	199	0.7475	0.7027083556965948	0.7875830586079285	0.015	0.5811523602678307	0.7460833333333332	0.7003333333333334	0.3465383560720325	0.5537451013676872	0.7511763401719216
seed2	0.7	0.75	0.35	0.55	1.0	0.8	0.15	0.5	nested_max	400	199	0.69	0.643049046352087	0.7333362818008802	0.02	0.5811523602678307	0.7460833333333332	0.7003333333333334	0.3465383560720325	0.5537451013676872	0.7511763401719216
seed2	0.7	0.75	0.35	0.55	1.0	0.8	0.15	0.5	cv_retrained	400	199	0.7575	0.7131775779269679	0.7969235904908692	0.01	0.5811523602678307	0.7460833333333332	0.7003333333333334	0.3465383560720325	0.5537451013676872	0.7511763401719216
seed2	0.7	0.75	0.35	0.55	1.0	0.8	0.15	0.5	cv_frozen	400	199	0.7825	0.7394871744110122	0.8201383792901101	0.01	0.5811523602678307	0.7460833333333332	0.7003333333333334	0.3465383560720325	0.5537451013676872	0.7511763401719216
seed2	0.7	0.75	0.85	0.55	0.0	0.8	0.15	0.5	profile	400	199	0.7025	0.6559450648860605	0.7452024559085495	0.02	0.5730690868127664	0.7475416666666667	0.7010624999999999	0.8337194765151006	0.5358488005039409	0.7844680938898472
seed2	0.7	0.75	0.85	0.55	0.0	0.8	0.15	0.5	mantel	400	199	0.7425	0.697484812382584	0.7829017248652822	0.01	0.5730690868127664	0.7475416666666667	0.7010624999999999	0.8337194765151006	0.5358488005039409	0.7844680938898472
seed2	0.7	0.75	0.85	0.55	0.0	0.8	0.15	0.5	naive_selected	400	199	0.7125	0.6662901779980862	0.7546670969098378	0.02	0.5730690868127664	0.7475416666666667	0.7010624999999999	0.8337194765151006	0.5358488005039409	0.7844680938898472
seed2	0.7	0.75	0.85	0.55	0.0	0.8	0.15	0.5	nested_max	400	199	0.705	0.658528950995276	0.7475710083276624	0.02	0.5730690868127664	0.7475416666666667	0.7010624999999999	0.8337194765151006	0.5358488005039409	0.7844680938898472
seed2	0.7	0.75	0.85	0.55	0.0	0.8	0.15	0.5	cv_retrained	400	199	0.79	0.7474205944599498	0.8270622748261584	0.0125	0.5730690868127664	0.7475416666666667	0.7010624999999999	0.8337194765151006	0.5358488005039409	0.7844680938898472
seed2	0.7	0.75	0.85	0.55	0.0	0.8	0.15	0.5	cv_frozen	400	199	0.79	0.7474205944599498	0.8270622748261584	0.01	0.5730690868127664	0.7475416666666667	0.7010624999999999	0.8337194765151006	0.5358488005039409	0.7844680938898472
seed2	0.7	0.75	0.85	0.55	1.0	0.8	0.15	0.5	profile	400	199	0.6675	0.6199313395835853	0.7118820418144254	0.02	0.5534545838954492	0.7538333333333332	0.70125	0.8395993869867001	0.5485841644297458	0.7585625381653825
seed2	0.7	0.75	0.85	0.55	1.0	0.8	0.15	0.5	mantel	400	199	0.7825	0.7394871744110122	0.8201383792901101	0.005	0.5534545838954492	0.7538333333333332	0.70125	0.8395993869867001	0.5485841644297458	0.7585625381653825
seed2	0.7	0.75	0.85	0.55	1.0	0.8	0.15	0.5	naive_selected	400	199	0.735	0.6896629392432349	0.7758662824196457	0.015	0.5534545838954492	0.7538333333333332	0.70125	0.8395993869867001	0.5485841644297458	0.7585625381653825
seed2	0.7	0.75	0.85	0.55	1.0	0.8	0.15	0.5	nested_max	400	199	0.685	0.637901366761192	0.7285790843351184	0.015	0.5534545838954492	0.7538333333333332	0.70125	0.8395993869867001	0.5485841644297458	0.7585625381653825
seed2	0.7	0.75	0.85	0.55	1.0	0.8	0.15	0.5	cv_retrained	400	199	0.795	0.7527205845205713	0.8316671618221938	0.01	0.5534545838954492	0.7538333333333332	0.70125	0.8395993869867001	0.5485841644297458	0.7585625381653825
seed2	0.7	0.75	0.85	0.55	1.0	0.8	0.15	0.5	cv_frozen	400	199	0.805	0.7633481418022936	0.8408493586537855	0.01	0.5534545838954492	0.7538333333333332	0.70125	0.8395993869867001	0.5485841644297458	0.7585625381653825
