n	noise	positive_probability	contamination_fraction	magnitude_family	method	repetitions	n_perm	rejection_rate	wilson_low	wilson_high
12	0.15	0.5	0.0	uniform	original_l2	1500	499	0.48	0.4548005734156236	0.5053016038131837
12	0.15	0.5	0.0	uniform	original_l1	1500	499	0.29933333333333334	0.2766940136115323	0.32299783125083387
12	0.15	0.5	0.0	uniform	huber_primary	1500	499	0.3506666666666667	0.32692784116097257	0.37516841548078833
12	0.15	0.5	0.0	uniform	huber_cap6	1500	499	0.352	0.328236838799257	0.3765192726939166
12	0.15	0.5	0.0	lognormal	original_l2	1500	499	0.6066666666666667	0.5817037469911872	0.6310846411218407
12	0.15	0.5	0.0	lognormal	original_l1	1500	499	0.4693333333333333	0.4441884355466058	0.4946349028708986
12	0.15	0.5	0.0	lognormal	huber_primary	1500	499	0.5033333333333333	0.4780546905475126	0.5285949465810195
12	0.15	0.5	0.0	lognormal	huber_cap6	1500	499	0.502	0.4767244046291361	0.5272653776479832
12	0.15	0.5	0.05	uniform	original_l2	1500	499	0.06133333333333333	0.05027528227407119	0.07463247161110136
12	0.15	0.5	0.05	uniform	original_l1	1500	499	0.07333333333333333	0.06120295070979578	0.08764349683809242
12	0.15	0.5	0.05	uniform	huber_primary	1500	499	0.072	0.05998329482631877	0.08620329787015658
12	0.15	0.5	0.05	uniform	huber_cap6	1500	499	0.072	0.05998329482631877	0.08620329787015658
12	0.15	0.5	0.05	lognormal	original_l2	1500	499	0.051333333333333335	0.041267385200304804	0.06369145729927139
12	0.15	0.5	0.05	lognormal	original_l1	1500	499	0.076	0.06364598808451702	0.09052016916619687
12	0.15	0.5	0.05	lognormal	huber_primary	1500	499	0.076	0.06364598808451702	0.09052016916619687
12	0.15	0.5	0.05	lognormal	huber_cap6	1500	499	0.082	0.06915993332947948	0.09697557075259225
12	0.15	0.65	0.0	uniform	original_l2	1500	499	0.2846666666666667	0.2624030130137565	0.30803042848306833
12	0.15	0.65	0.0	uniform	original_l1	1500	499	0.174	0.15565394194727064	0.19401154688228764
12	0.15	0.65	0.0	uniform	huber_primary	1500	499	0.2	0.18053525965222722	0.22099739877988167
12	0.15	0.65	0.0	uniform	huber_cap6	1500	499	0.198	0.17861632712892028	0.21892654902606934
12	0.15	0.65	0.0	lognormal	original_l2	1500	499	0.4166666666666667	0.3919613920794614	0.44179767970723555
12	0.15	0.65	0.0	lognormal	original_l1	1500	499	0.31266666666666665	0.2897103498360883	0.3365800435404063
12	0.15	0.65	0.0	lognormal	huber_primary	1500	499	0.32066666666666666	0.2975309929249367	0.344718529560035
12	0.15	0.65	0.0	lognormal	huber_cap6	1500	499	0.322	0.29883520859575796	0.3460741687406267
12	0.15	0.65	0.05	uniform	original_l2	1500	499	0.044	0.03473379071821657	0.055595850098588945
12	0.15	0.65	0.05	uniform	original_l1	1500	499	0.05466666666666667	0.0442585691503609	0.06734991047774742
12	0.15	0.65	0.05	uniform	huber_primary	1500	499	0.056	0.04545839056668995	0.06880994391283121
12	0.15	0.65	0.05	uniform	huber_cap6	1500	499	0.058666666666666666	0.04786342768227863	0.07172461650006824
12	0.15	0.65	0.05	lognormal	original_l2	1500	499	0.04	0.031201530510343935	0.05114854575222304
12	0.15	0.65	0.05	lognormal	original_l1	1500	499	0.062	0.050879262338555414	0.07535841897232357
12	0.15	0.65	0.05	lognormal	huber_primary	1500	499	0.06133333333333333	0.05027528227407119	0.07463247161110136
12	0.15	0.65	0.05	lognormal	huber_cap6	1500	499	0.066	0.0545112274826468	0.07970601838247074
12	0.5	0.5	0.0	uniform	original_l2	1500	499	0.24733333333333332	0.22616251452109296	0.26979499113617206
12	0.5	0.5	0.0	uniform	original_l1	1500	499	0.17	0.1518392582938526	0.18984666598146718
12	0.5	0.5	0.0	uniform	huber_primary	1500	499	0.20266666666666666	0.18309505753146907	0.22375731060346551
12	0.5	0.5	0.0	uniform	huber_cap6	1500	499	0.202	0.18245497819121384	0.22306746251801432
12	0.5	0.5	0.0	lognormal	original_l2	1500	499	0.42133333333333334	0.3965775171137021	0.44649104665293976
12	0.5	0.5	0.0	lognormal	original_l1	1500	499	0.3333333333333333	0.3099298350305162	0.3575883085428776
12	0.5	0.5	0.0	lognormal	huber_primary	1500	499	0.372	0.3478961915687377	0.39675774269562875
12	0.5	0.5	0.0	lognormal	huber_cap6	1500	499	0.37066666666666664	0.34658416236871314	0.39540991704424044
12	0.5	0.5	0.05	uniform	original_l2	1500	499	0.059333333333333335	0.04846576891093947	0.07245220269711383
12	0.5	0.5	0.05	uniform	original_l1	1500	499	0.082	0.06915993332947948	0.09697557075259225
12	0.5	0.5	0.05	uniform	huber_primary	1500	499	0.07933333333333334	0.06670646762987423	0.09410932674937181
12	0.5	0.5	0.05	uniform	huber_cap6	1500	499	0.07733333333333334	0.06486930993335295	0.09195670216877382
12	0.5	0.5	0.05	lognormal	original_l2	1500	499	0.04466666666666667	0.03532481507788357	0.05633475316462838
12	0.5	0.5	0.05	lognormal	original_l1	1500	499	0.07133333333333333	0.05937394629575595	0.08548271897501297
12	0.5	0.5	0.05	lognormal	huber_primary	1500	499	0.07333333333333333	0.06120295070979578	0.08764349683809242
12	0.5	0.5	0.05	lognormal	huber_cap6	1500	499	0.078	0.06548140922514466	0.09267453030268853
12	0.5	0.65	0.0	uniform	original_l2	1500	499	0.17266666666666666	0.15438196566895335	0.1926236683091921
12	0.5	0.65	0.0	uniform	original_l1	1500	499	0.11466666666666667	0.09951746454568376	0.1317844833960028
12	0.5	0.65	0.0	uniform	huber_primary	1500	499	0.15066666666666667	0.13345716003552036	0.16966086889431312
12	0.5	0.65	0.0	uniform	huber_cap6	1500	499	0.15133333333333332	0.13408940459053803	0.1703585517650018
12	0.5	0.65	0.0	lognormal	original_l2	1500	499	0.2966666666666667	0.2740935160023421	0.32027861915719835
12	0.5	0.65	0.0	lognormal	original_l1	1500	499	0.236	0.2152027873027332	0.25814595211752256
12	0.5	0.65	0.0	lognormal	huber_primary	1500	499	0.26266666666666666	0.24102226614403294	0.2855235703044799
12	0.5	0.65	0.0	lognormal	huber_cap6	1500	499	0.264	0.24231608883045627	0.28688960246946943
12	0.5	0.65	0.05	uniform	original_l2	1500	499	0.051333333333333335	0.041267385200304804	0.06369145729927139
12	0.5	0.65	0.05	uniform	original_l1	1500	499	0.06066666666666667	0.04967170257629275	0.0739061238831734
12	0.5	0.65	0.05	uniform	huber_primary	1500	499	0.06066666666666667	0.04967170257629275	0.0739061238831734
12	0.5	0.65	0.05	uniform	huber_cap6	1500	499	0.059333333333333335	0.04846576891093947	0.07245220269711383
12	0.5	0.65	0.05	lognormal	original_l2	1500	499	0.048	0.03828904363175826	0.06002016173928581
12	0.5	0.65	0.05	lognormal	original_l1	1500	499	0.068	0.05633216548816217	0.08187486265407465
12	0.5	0.65	0.05	lognormal	huber_primary	1500	499	0.07	0.05815622865824503	0.08404058176111108
12	0.5	0.65	0.05	lognormal	huber_cap6	1500	499	0.07266666666666667	0.06059296430671563	0.08692355581546618
20	0.15	0.5	0.0	uniform	original_l2	1500	499	0.7606666666666667	0.7384257136985264	0.7815759097526858
20	0.15	0.5	0.0	uniform	original_l1	1500	499	0.5106666666666667	0.4853744676936894	0.5359043711176136
20	0.15	0.5	0.0	uniform	huber_primary	1500	499	0.5926666666666667	0.5675959364457036	0.6172639757274895
20	0.15	0.5	0.0	uniform	huber_cap6	1500	499	0.5926666666666667	0.5675959364457036	0.6172639757274895
20	0.15	0.5	0.0	lognormal	original_l2	1500	499	0.9053333333333333	0.8894655658661527	0.9191303089633535
20	0.15	0.5	0.0	lognormal	original_l1	1500	499	0.78	0.758335967531003	0.8002335512656954
20	0.15	0.5	0.0	lognormal	huber_primary	1500	499	0.7953333333333333	0.7741736601873762	0.8149841894005699
20	0.15	0.5	0.0	lognormal	huber_cap6	1500	499	0.7946666666666666	0.7734841544283532	0.8143437677338864
20	0.15	0.5	0.05	uniform	original_l2	1500	499	0.050666666666666665	0.040670651803700913	0.06295826327016886
20	0.15	0.5	0.05	uniform	original_l1	1500	499	0.056	0.04545839056668995	0.06880994391283121
20	0.15	0.5	0.05	uniform	huber_primary	1500	499	0.058	0.047261512311441406	0.07099660444519904
20	0.15	0.5	0.05	uniform	huber_cap6	1500	499	0.06466666666666666	0.053299069453722925	0.07825832155998175
20	0.15	0.5	0.05	lognormal	original_l2	1500	499	0.05	0.040074440990789065	0.062224546657374286
20	0.15	0.5	0.05	lognormal	original_l1	1500	499	0.05333333333333334	0.04306062753158088	0.0658879972451146
20	0.15	0.5	0.05	lognormal	huber_primary	1500	499	0.05533333333333333	0.04485824885472669	0.06808015819908805
20	0.15	0.5	0.05	lognormal	huber_cap6	1500	499	0.06466666666666666	0.053299069453722925	0.07825832155998175
20	0.15	0.65	0.0	uniform	original_l2	1500	499	0.446	0.4210146833531664	0.4712611951646132
20	0.15	0.65	0.0	uniform	original_l1	1500	499	0.262	0.24037545318970419	0.2848404558331022
20	0.15	0.65	0.0	uniform	huber_primary	1500	499	0.31466666666666665	0.29166475852217516	0.3386154171314388
20	0.15	0.65	0.0	uniform	huber_cap6	1500	499	0.31333333333333335	0.2903617633390116	0.3372585574631895
20	0.15	0.65	0.0	lognormal	original_l2	1500	499	0.6733333333333333	0.6491828182603432	0.6965983124233273
20	0.15	0.65	0.0	lognormal	original_l1	1500	499	0.52	0.4946983961868164	0.5451994265843765
20	0.15	0.65	0.0	lognormal	huber_primary	1500	499	0.516	0.4907013497878246	0.5412169084291295
20	0.15	0.65	0.0	lognormal	huber_cap6	1500	499	0.5106666666666667	0.4853744676936894	0.5359043711176136
20	0.15	0.65	0.05	uniform	original_l2	1500	499	0.043333333333333335	0.03414340356776986	0.054856309823329244
20	0.15	0.65	0.05	uniform	original_l1	1500	499	0.04733333333333333	0.03769502441859292	0.059284253526744726
20	0.15	0.65	0.05	uniform	huber_primary	1500	499	0.04666666666666667	0.03710158016621855	0.05854777035341267
20	0.15	0.65	0.05	uniform	huber_cap6	1500	499	0.048	0.03828904363175826	0.06002016173928581
20	0.15	0.65	0.05	lognormal	original_l2	1500	499	0.042666666666666665	0.03355366749284015	0.054116118472552516
20	0.15	0.65	0.05	lognormal	original_l1	1500	499	0.046	0.03650872245690122	0.05781070063702358
20	0.15	0.65	0.05	lognormal	huber_primary	1500	499	0.04666666666666667	0.03710158016621855	0.05854777035341267
20	0.15	0.65	0.05	lognormal	huber_cap6	1500	499	0.06266666666666666	0.05148363681474642	0.07608397192183898
20	0.5	0.5	0.0	uniform	original_l2	1500	499	0.49333333333333335	0.4680819153569032	0.5186188103860325
20	0.5	0.5	0.0	uniform	original_l1	1500	499	0.33466666666666667	0.31123610845965044	0.3589418899651562
20	0.5	0.5	0.0	uniform	huber_primary	1500	499	0.44	0.41506471825927505	0.46524181342714677
20	0.5	0.5	0.0	uniform	huber_cap6	1500	499	0.43933333333333335	0.4144038397079614	0.46457276455275404
20	0.5	0.5	0.0	lognormal	original_l2	1500	499	0.726	0.7028734003661228	0.7479719969483551
20	0.5	0.5	0.0	lognormal	original_l1	1500	499	0.6033333333333334	0.5783428369110308	0.627795914073465
20	0.5	0.5	0.0	lognormal	huber_primary	1500	499	0.6553333333333333	0.6309130007844239	0.678960089405173
20	0.5	0.5	0.0	lognormal	huber_cap6	1500	499	0.6546666666666666	0.6302370801724201	0.6783060825914703
20	0.5	0.5	0.05	uniform	original_l2	1500	499	0.050666666666666665	0.040670651803700913	0.06295826327016886
20	0.5	0.5	0.05	uniform	original_l1	1500	499	0.052	0.04186463169739715	0.06442413822788547
20	0.5	0.5	0.05	uniform	huber_primary	1500	499	0.05266666666666667	0.042462382108623964	0.06515631524236508
20	0.5	0.5	0.05	uniform	huber_cap6	1500	499	0.05533333333333333	0.04485824885472669	0.06808015819908805
20	0.5	0.5	0.05	lognormal	original_l2	1500	499	0.04933333333333333	0.03947876255528736	0.061490297667169555
20	0.5	0.5	0.05	lognormal	original_l1	1500	499	0.054	0.04365935933562643	0.06661919286677545
20	0.5	0.5	0.05	lognormal	huber_primary	1500	499	0.05466666666666667	0.0442585691503609	0.06734991047774742
20	0.5	0.5	0.05	lognormal	huber_cap6	1500	499	0.058	0.047261512311441406	0.07099660444519904
20	0.5	0.65	0.0	uniform	original_l2	1500	499	0.282	0.2598077776927064	0.30530595410129263
20	0.5	0.65	0.0	uniform	original_l1	1500	499	0.178	0.15947231647565113	0.19817273690814569
20	0.5	0.65	0.0	uniform	huber_primary	1500	499	0.22133333333333333	0.2010511263184423	0.24303920973627213
20	0.5	0.65	0.0	uniform	huber_cap6	1500	499	0.21933333333333332	0.1991242278062118	0.24097632597138335
20	0.5	0.65	0.0	lognormal	original_l2	1500	499	0.5073333333333333	0.4820466238874619	0.5325825777953088
20	0.5	0.65	0.0	lognormal	original_l1	1500	499	0.38866666666666666	0.3643131601447902	0.41358895976223686
20	0.5	0.65	0.0	lognormal	huber_primary	1500	499	0.4146666666666667	0.3899837532518891	0.4397855362576885
20	0.5	0.65	0.0	lognormal	huber_cap6	1500	499	0.408	0.3833946733488329	0.43307534190368047
20	0.5	0.65	0.05	uniform	original_l2	1500	499	0.04666666666666667	0.03710158016621855	0.05854777035341267
20	0.5	0.65	0.05	uniform	original_l1	1500	499	0.048	0.03828904363175826	0.06002016173928581
20	0.5	0.65	0.05	uniform	huber_primary	1500	499	0.048666666666666664	0.03888362661591451	0.06075550618083598
20	0.5	0.65	0.05	uniform	huber_cap6	1500	499	0.05333333333333334	0.04306062753158088	0.0658879972451146
20	0.5	0.65	0.05	lognormal	original_l2	1500	499	0.05	0.040074440990789065	0.062224546657374286
20	0.5	0.65	0.05	lognormal	original_l1	1500	499	0.05	0.040074440990789065	0.062224546657374286
20	0.5	0.65	0.05	lognormal	huber_primary	1500	499	0.050666666666666665	0.040670651803700913	0.06295826327016886
20	0.5	0.65	0.05	lognormal	huber_cap6	1500	499	0.06333333333333334	0.05208839990254764	0.07680913625974421
40	0.15	0.5	0.0	uniform	original_l2	1500	499	0.9753333333333334	0.966186324588402	0.9820519299402789
40	0.15	0.5	0.0	uniform	original_l1	1500	499	0.8413333333333334	0.8219747998307712	0.8589480421309184
40	0.15	0.5	0.0	uniform	huber_primary	1500	499	0.904	0.8880432413475254	0.917892778630568
40	0.15	0.5	0.0	uniform	huber_cap6	1500	499	0.904	0.8880432413475254	0.917892778630568
40	0.15	0.5	0.0	lognormal	original_l2	1500	499	0.998	0.9941361954746901	0.9993195915280091
40	0.15	0.5	0.0	lognormal	original_l1	1500	499	0.98	0.9715926317939492	0.9859551147146766
40	0.15	0.5	0.0	lognormal	huber_primary	1500	499	0.986	0.9786920346546757	0.9908250586853078
40	0.15	0.5	0.0	lognormal	huber_cap6	1500	499	0.986	0.9786920346546757	0.9908250586853078
40	0.15	0.5	0.05	uniform	original_l2	1500	499	0.036	0.027695588043697456	0.04667492366463097
40	0.15	0.5	0.05	uniform	original_l1	1500	499	0.043333333333333335	0.03414340356776986	0.054856309823329244
40	0.15	0.5	0.05	uniform	huber_primary	1500	499	0.04466666666666667	0.03532481507788357	0.05633475316462838
40	0.15	0.5	0.05	uniform	huber_cap6	1500	499	0.064	0.0526935459511578	0.07753391763684048
40	0.15	0.5	0.05	lognormal	original_l2	1500	499	0.042666666666666665	0.03355366749284015	0.054116118472552516
40	0.15	0.5	0.05	lognormal	original_l1	1500	499	0.05	0.040074440990789065	0.062224546657374286
40	0.15	0.5	0.05	lognormal	huber_primary	1500	499	0.05	0.040074440990789065	0.062224546657374286
40	0.15	0.5	0.05	lognormal	huber_cap6	1500	499	0.07666666666666666	0.06425750173494678	0.09123858294147354
40	0.15	0.65	0.0	uniform	original_l2	1500	499	0.682	0.6579934102616696	0.7050767769561845
40	0.15	0.65	0.0	uniform	original_l1	1500	499	0.3526666666666667	0.3288914147508212	0.37719462416805905
40	0.15	0.65	0.0	uniform	huber_primary	1500	499	0.43933333333333335	0.4144038397079614	0.46457276455275404
40	0.15	0.65	0.0	uniform	huber_cap6	1500	499	0.438	0.4130822200771158	0.4632345293321867
40	0.15	0.65	0.0	lognormal	original_l2	1500	499	0.9093333333333333	0.8937379268859743	0.9228375124977705
40	0.15	0.65	0.0	lognormal	original_l1	1500	499	0.7733333333333333	0.7514631875123728	0.7938070570272612
40	0.15	0.65	0.0	lognormal	huber_primary	1500	499	0.728	0.7049196486648103	0.749915530926787
40	0.15	0.65	0.0	lognormal	huber_cap6	1500	499	0.7253333333333334	0.7021914439352749	0.7473240259534967
40	0.15	0.65	0.05	uniform	original_l2	1500	499	0.051333333333333335	0.041267385200304804	0.06369145729927139
40	0.15	0.65	0.05	uniform	original_l1	1500	499	0.054	0.04365935933562643	0.06661919286677545
40	0.15	0.65	0.05	uniform	huber_primary	1500	499	0.056	0.04545839056668995	0.06880994391283121
40	0.15	0.65	0.05	uniform	huber_cap6	1500	499	0.084	0.07100286623041224	0.09912242012877878
40	0.15	0.65	0.05	lognormal	original_l2	1500	499	0.04466666666666667	0.03532481507788357	0.05633475316462838
40	0.15	0.65	0.05	lognormal	original_l1	1500	499	0.043333333333333335	0.03414340356776986	0.054856309823329244
40	0.15	0.65	0.05	lognormal	huber_primary	1500	499	0.04733333333333333	0.03769502441859292	0.059284253526744726
40	0.15	0.65	0.05	lognormal	huber_cap6	1500	499	0.104	0.08955014082427697	0.12047296830610678
40	0.5	0.5	0.0	uniform	original_l2	1500	499	0.8353333333333334	0.8157124288112625	0.8532410663190693
40	0.5	0.5	0.0	uniform	original_l1	1500	499	0.65	0.6255070903921157	0.6737265803918299
40	0.5	0.5	0.0	uniform	huber_primary	1500	499	0.79	0.7686599719312812	0.8098584582510135
40	0.5	0.5	0.0	uniform	huber_cap6	1500	499	0.79	0.7686599719312812	0.8098584582510135
40	0.5	0.5	0.0	lognormal	original_l2	1500	499	0.9666666666666667	0.9563241640542839	0.9746250339402134
40	0.5	0.5	0.0	lognormal	original_l1	1500	499	0.92	0.9051736983817822	0.9326805798132654
40	0.5	0.5	0.0	lognormal	huber_primary	1500	499	0.9386666666666666	0.9253675283888986	0.9497247177259288
40	0.5	0.5	0.0	lognormal	huber_cap6	1500	499	0.9386666666666666	0.9253675283888986	0.9497247177259288
40	0.5	0.5	0.05	uniform	original_l2	1500	499	0.056	0.04545839056668995	0.06880994391283121
40	0.5	0.5	0.05	uniform	original_l1	1500	499	0.06	0.04906852936100265	0.07317936967275707
40	0.5	0.5	0.05	uniform	huber_primary	1500	499	0.06	0.04906852936100265	0.07317936967275707
40	0.5	0.5	0.05	uniform	huber_cap6	1500	499	0.07666666666666666	0.06425750173494678	0.09123858294147354
40	0.5	0.5	0.05	lognormal	original_l2	1500	499	0.04533333333333334	0.03591646328500114	0.05707303238321723
40	0.5	0.5	0.05	lognormal	original_l1	1500	499	0.042666666666666665	0.03355366749284015	0.054116118472552516
40	0.5	0.5	0.05	lognormal	huber_primary	1500	499	0.04466666666666667	0.03532481507788357	0.05633475316462838
40	0.5	0.5	0.05	lognormal	huber_cap6	1500	499	0.07933333333333334	0.06670646762987423	0.09410932674937181
40	0.5	0.65	0.0	uniform	original_l2	1500	499	0.486	0.4607749566085008	0.5112965674516643
40	0.5	0.65	0.0	uniform	original_l1	1500	499	0.2946666666666667	0.27214375901157345	0.3182385938708478
40	0.5	0.65	0.0	uniform	huber_primary	1500	499	0.37666666666666665	0.35248985315186815	0.4014735730924432
40	0.5	0.65	0.0	uniform	huber_cap6	1500	499	0.37666666666666665	0.35248985315186815	0.4014735730924432
40	0.5	0.65	0.0	lognormal	original_l2	1500	499	0.8073333333333333	0.7865996283045937	0.8264969149460681
40	0.5	0.65	0.0	lognormal	original_l1	1500	499	0.676	0.6518927838772577	0.6992080565092385
40	0.5	0.65	0.0	lognormal	huber_primary	1500	499	0.668	0.64376548665885	0.691376224619169
40	0.5	0.65	0.0	lognormal	huber_cap6	1500	499	0.668	0.64376548665885	0.691376224619169
40	0.5	0.65	0.05	uniform	original_l2	1500	499	0.042666666666666665	0.03355366749284015	0.054116118472552516
40	0.5	0.65	0.05	uniform	original_l1	1500	499	0.048666666666666664	0.03888362661591451	0.06075550618083598
40	0.5	0.65	0.05	uniform	huber_primary	1500	499	0.054	0.04365935933562643	0.06661919286677545
40	0.5	0.65	0.05	uniform	huber_cap6	1500	499	0.072	0.05998329482631877	0.08620329787015658
40	0.5	0.65	0.05	lognormal	original_l2	1500	499	0.046	0.03650872245690122	0.05781070063702358
40	0.5	0.65	0.05	lognormal	original_l1	1500	499	0.04933333333333333	0.03947876255528736	0.061490297667169555
40	0.5	0.65	0.05	lognormal	huber_primary	1500	499	0.05266666666666667	0.042462382108623964	0.06515631524236508
40	0.5	0.65	0.05	lognormal	huber_cap6	1500	499	0.08066666666666666	0.06793265072083973	0.09554299850981915
80	0.15	0.5	0.0	uniform	original_l2	1500	499	1.0	0.9974455692798185	1.0
80	0.15	0.5	0.0	uniform	original_l1	1500	499	0.988	0.9811108100593887	0.9923960655577141
80	0.15	0.5	0.0	uniform	huber_primary	1500	499	0.9953333333333333	0.9903984313813807	0.9977376459184928
80	0.15	0.5	0.0	uniform	huber_cap6	1500	499	0.9953333333333333	0.9903984313813807	0.9977376459184928
80	0.15	0.5	0.0	lognormal	original_l2	1500	499	1.0	0.9974455692798185	1.0
80	0.15	0.5	0.0	lognormal	original_l1	1500	499	1.0	0.9974455692798185	1.0
80	0.15	0.5	0.0	lognormal	huber_primary	1500	499	1.0	0.9974455692798185	1.0
80	0.15	0.5	0.0	lognormal	huber_cap6	1500	499	1.0	0.9974455692798185	1.0
80	0.15	0.5	0.05	uniform	original_l2	1500	499	0.04666666666666667	0.03710158016621855	0.05854777035341267
80	0.15	0.5	0.05	uniform	original_l1	1500	499	0.05	0.040074440990789065	0.062224546657374286
80	0.15	0.5	0.05	uniform	huber_primary	1500	499	0.05466666666666667	0.0442585691503609	0.06734991047774742
80	0.15	0.5	0.05	uniform	huber_cap6	1500	499	0.09933333333333333	0.08520481966175386	0.1155087974886849
80	0.15	0.5	0.05	lognormal	original_l2	1500	499	0.05	0.040074440990789065	0.062224546657374286
80	0.15	0.5	0.05	lognormal	original_l1	1500	499	0.06066666666666667	0.04967170257629275	0.0739061238831734
80	0.15	0.5	0.05	lognormal	huber_primary	1500	499	0.06866666666666667	0.056939845516550396	0.08259711005139284
80	0.15	0.5	0.05	lognormal	huber_cap6	1500	499	0.132	0.11580643451510408	0.15007362649494949
80	0.15	0.65	0.0	uniform	original_l2	1500	499	0.8926666666666667	0.875987100609928	0.9073401531311562
80	0.15	0.65	0.0	uniform	original_l1	1500	499	0.51	0.4847088092636054	0.535240102121991
80	0.15	0.65	0.0	uniform	huber_primary	1500	499	0.61	0.585065858213312	0.634372167028248
80	0.15	0.65	0.0	uniform	huber_cap6	1500	499	0.61	0.585065858213312	0.634372167028248
80	0.15	0.65	0.0	lognormal	original_l2	1500	499	0.9913333333333333	0.9852283335257945	0.9949281792198403
80	0.15	0.65	0.0	lognormal	original_l1	1500	499	0.956	0.9444041499014111	0.9652662092817834
80	0.15	0.65	0.0	lognormal	huber_primary	1500	499	0.9233333333333333	0.9087614170585264	0.9357424982650532
80	0.15	0.65	0.0	lognormal	huber_cap6	1500	499	0.922	0.9073254696973115	0.9345185907748553
80	0.15	0.65	0.05	uniform	original_l2	1500	499	0.05	0.040074440990789065	0.062224546657374286
80	0.15	0.65	0.05	uniform	original_l1	1500	499	0.051333333333333335	0.041267385200304804	0.06369145729927139
80	0.15	0.65	0.05	uniform	huber_primary	1500	499	0.05533333333333333	0.04485824885472669	0.06808015819908805
80	0.15	0.65	0.05	uniform	huber_cap6	1500	499	0.088	0.07469568518530124	0.10340916572812829
80	0.15	0.65	0.05	lognormal	original_l2	1500	499	0.05733333333333333	0.04666002962225208	0.07026815970868193
80	0.15	0.65	0.05	lognormal	original_l1	1500	499	0.064	0.0526935459511578	0.07753391763684048
80	0.15	0.65	0.05	lognormal	huber_primary	1500	499	0.07	0.05815622865824503	0.08404058176111108
80	0.15	0.65	0.05	lognormal	huber_cap6	1500	499	0.17066666666666666	0.1524747782956195	0.19054107340540666
80	0.5	0.5	0.0	uniform	original_l2	1500	499	0.996	0.9913004908913017	0.9981655138342782
80	0.5	0.5	0.0	uniform	original_l1	1500	499	0.9306666666666666	0.9166809850866336	0.9424521319197167
80	0.5	0.5	0.0	uniform	huber_primary	1500	499	0.9846666666666667	0.9770961533671854	0.9897610851213854
80	0.5	0.5	0.0	uniform	huber_cap6	1500	499	0.9846666666666667	0.9770961533671854	0.9897610851213854
80	0.5	0.5	0.0	lognormal	original_l2	1500	499	1.0	0.9974455692798185	1.0
80	0.5	0.5	0.0	lognormal	original_l1	1500	499	0.9986666666666667	0.9951514387039899	0.9996342757244159
80	0.5	0.5	0.0	lognormal	huber_primary	1500	499	0.9993333333333333	0.9962333345857864	0.9998823072683257
80	0.5	0.5	0.0	lognormal	huber_cap6	1500	499	0.9993333333333333	0.9962333345857864	0.9998823072683257
80	0.5	0.5	0.05	uniform	original_l2	1500	499	0.04933333333333333	0.03947876255528736	0.061490297667169555
80	0.5	0.5	0.05	uniform	original_l1	1500	499	0.05266666666666667	0.042462382108623964	0.06515631524236508
80	0.5	0.5	0.05	uniform	huber_primary	1500	499	0.05533333333333333	0.04485824885472669	0.06808015819908805
80	0.5	0.5	0.05	uniform	huber_cap6	1500	499	0.088	0.07469568518530124	0.10340916572812829
80	0.5	0.5	0.05	lognormal	original_l2	1500	499	0.043333333333333335	0.03414340356776986	0.054856309823329244
80	0.5	0.5	0.05	lognormal	original_l1	1500	499	0.05266666666666667	0.042462382108623964	0.06515631524236508
80	0.5	0.5	0.05	lognormal	huber_primary	1500	499	0.06466666666666666	0.053299069453722925	0.07825832155998175
80	0.5	0.5	0.05	lognormal	huber_cap6	1500	499	0.11466666666666667	0.09951746454568376	0.1317844833960028
80	0.5	0.65	0.0	uniform	original_l2	1500	499	0.726	0.7028734003661228	0.7479719969483551
80	0.5	0.65	0.0	uniform	original_l1	1500	499	0.41	0.38537090351854847	0.43508889401108414
80	0.5	0.65	0.0	uniform	huber_primary	1500	499	0.5586666666666666	0.5334202261839628	0.5836133872782024
80	0.5	0.65	0.0	uniform	huber_cap6	1500	499	0.5586666666666666	0.5334202261839628	0.5836133872782024
80	0.5	0.65	0.0	lognormal	original_l2	1500	499	0.964	0.953325076335369	0.9723044119563026
80	0.5	0.65	0.0	lognormal	original_l1	1500	499	0.8826666666666667	0.865394747682313	0.8979835946731749
80	0.5	0.65	0.0	lognormal	huber_primary	1500	499	0.874	0.8562453323355887	0.8898439534857154
80	0.5	0.65	0.0	lognormal	huber_cap6	1500	499	0.874	0.8562453323355887	0.8898439534857154
80	0.5	0.65	0.05	uniform	original_l2	1500	499	0.050666666666666665	0.040670651803700913	0.06295826327016886
80	0.5	0.65	0.05	uniform	original_l1	1500	499	0.05466666666666667	0.0442585691503609	0.06734991047774742
80	0.5	0.65	0.05	uniform	huber_primary	1500	499	0.05733333333333333	0.04666002962225208	0.07026815970868193
80	0.5	0.65	0.05	uniform	huber_cap6	1500	499	0.088	0.07469568518530124	0.10340916572812829
80	0.5	0.65	0.05	lognormal	original_l2	1500	499	0.04533333333333334	0.03591646328500114	0.05707303238321723
80	0.5	0.65	0.05	lognormal	original_l1	1500	499	0.04733333333333333	0.03769502441859292	0.059284253526744726
80	0.5	0.65	0.05	lognormal	huber_primary	1500	499	0.05333333333333334	0.04306062753158088	0.0658879972451146
80	0.5	0.65	0.05	lognormal	huber_cap6	1500	499	0.12266666666666666	0.10702223494636451	0.1402388421037991
160	0.15	0.5	0.0	uniform	original_l2	1500	499	1.0	0.9974455692798185	1.0
160	0.15	0.5	0.0	uniform	original_l1	1500	499	1.0	0.9974455692798185	1.0
160	0.15	0.5	0.0	uniform	huber_primary	1500	499	1.0	0.9974455692798185	1.0
160	0.15	0.5	0.0	uniform	huber_cap6	1500	499	1.0	0.9974455692798185	1.0
160	0.15	0.5	0.0	lognormal	original_l2	1500	499	1.0	0.9974455692798185	1.0
160	0.15	0.5	0.0	lognormal	original_l1	1500	499	1.0	0.9974455692798185	1.0
160	0.15	0.5	0.0	lognormal	huber_primary	1500	499	1.0	0.9974455692798185	1.0
160	0.15	0.5	0.0	lognormal	huber_cap6	1500	499	1.0	0.9974455692798185	1.0
160	0.15	0.5	0.05	uniform	original_l2	1500	499	0.04466666666666667	0.03532481507788357	0.05633475316462838
160	0.15	0.5	0.05	uniform	original_l1	1500	499	0.04933333333333333	0.03947876255528736	0.061490297667169555
160	0.15	0.5	0.05	uniform	huber_primary	1500	499	0.051333333333333335	0.041267385200304804	0.06369145729927139
160	0.15	0.5	0.05	uniform	huber_cap6	1500	499	0.06866666666666667	0.056939845516550396	0.08259711005139284
160	0.15	0.5	0.05	lognormal	original_l2	1500	499	0.051333333333333335	0.041267385200304804	0.06369145729927139
160	0.15	0.5	0.05	lognormal	original_l1	1500	499	0.054	0.04365935933562643	0.06661919286677545
160	0.15	0.5	0.05	lognormal	huber_primary	1500	499	0.058666666666666666	0.04786342768227863	0.07172461650006824
160	0.15	0.5	0.05	lognormal	huber_cap6	1500	499	0.08533333333333333	0.07223279395214137	0.10055234725846247
160	0.15	0.65	0.0	uniform	original_l2	1500	499	0.9953333333333333	0.9903984313813807	0.9977376459184928
160	0.15	0.65	0.0	uniform	original_l1	1500	499	0.7406666666666667	0.7178926617459986	0.7622111389340207
160	0.15	0.65	0.0	uniform	huber_primary	1500	499	0.8333333333333334	0.8136269616405741	0.8513367512126383
160	0.15	0.65	0.0	uniform	huber_cap6	1500	499	0.8333333333333334	0.8136269616405741	0.8513367512126383
160	0.15	0.65	0.0	lognormal	original_l2	1500	499	1.0	0.9974455692798185	1.0
160	0.15	0.65	0.0	lognormal	original_l1	1500	499	0.9966666666666667	0.9922205476749006	0.9985753844763858
160	0.15	0.65	0.0	lognormal	huber_primary	1500	499	0.9906666666666667	0.9843943504914645	0.9944322348284642
160	0.15	0.65	0.0	lognormal	huber_cap6	1500	499	0.9906666666666667	0.9843943504914645	0.9944322348284642
160	0.15	0.65	0.05	uniform	original_l2	1500	499	0.052	0.04186463169739715	0.06442413822788547
160	0.15	0.65	0.05	uniform	original_l1	1500	499	0.052	0.04186463169739715	0.06442413822788547
160	0.15	0.65	0.05	uniform	huber_primary	1500	499	0.056666666666666664	0.04605898663346571	0.06953927527176187
160	0.15	0.65	0.05	uniform	huber_cap6	1500	499	0.158	0.14041841416967205	0.17732881644293208
160	0.15	0.65	0.05	lognormal	original_l2	1500	499	0.05	0.040074440990789065	0.062224546657374286
160	0.15	0.65	0.05	lognormal	original_l1	1500	499	0.05	0.040074440990789065	0.062224546657374286
160	0.15	0.65	0.05	lognormal	huber_primary	1500	499	0.05333333333333334	0.04306062753158088	0.0658879972451146
160	0.15	0.65	0.05	lognormal	huber_cap6	1500	499	0.28933333333333333	0.2669470147941658	0.3127959186826039
160	0.5	0.5	0.0	uniform	original_l2	1500	499	1.0	0.9974455692798185	1.0
160	0.5	0.5	0.0	uniform	original_l1	1500	499	0.9986666666666667	0.9951514387039899	0.9996342757244159
160	0.5	0.5	0.0	uniform	huber_primary	1500	499	1.0	0.9974455692798185	1.0
160	0.5	0.5	0.0	uniform	huber_cap6	1500	499	1.0	0.9974455692798185	1.0
160	0.5	0.5	0.0	lognormal	original_l2	1500	499	1.0	0.9974455692798185	1.0
160	0.5	0.5	0.0	lognormal	original_l1	1500	499	1.0	0.9974455692798185	1.0
160	0.5	0.5	0.0	lognormal	huber_primary	1500	499	1.0	0.9974455692798185	1.0
160	0.5	0.5	0.0	lognormal	huber_cap6	1500	499	1.0	0.9974455692798185	1.0
160	0.5	0.5	0.05	uniform	original_l2	1500	499	0.05	0.040074440990789065	0.062224546657374286
160	0.5	0.5	0.05	uniform	original_l1	1500	499	0.05	0.040074440990789065	0.062224546657374286
160	0.5	0.5	0.05	uniform	huber_primary	1500	499	0.04933333333333333	0.03947876255528736	0.061490297667169555
160	0.5	0.5	0.05	uniform	huber_cap6	1500	499	0.058	0.047261512311441406	0.07099660444519904
160	0.5	0.5	0.05	lognormal	original_l2	1500	499	0.04666666666666667	0.03710158016621855	0.05854777035341267
160	0.5	0.5	0.05	lognormal	original_l1	1500	499	0.04533333333333334	0.03591646328500114	0.05707303238321723
160	0.5	0.5	0.05	lognormal	huber_primary	1500	499	0.04933333333333333	0.03947876255528736	0.061490297667169555
160	0.5	0.5	0.05	lognormal	huber_cap6	1500	499	0.06533333333333333	0.05390496504223255	0.07898235339717855
160	0.5	0.65	0.0	uniform	original_l2	1500	499	0.9266666666666666	0.9123565031619075	0.9387970492902041
160	0.5	0.65	0.0	uniform	original_l1	1500	499	0.606	0.5810314690548272	0.6304269916324944
160	0.5	0.65	0.0	uniform	huber_primary	1500	499	0.76	0.7377402637135664	0.7809314323119392
160	0.5	0.65	0.0	uniform	huber_cap6	1500	499	0.76	0.7377402637135664	0.7809314323119392
160	0.5	0.65	0.0	lognormal	original_l2	1500	499	0.9993333333333333	0.9962333345857864	0.9998823072683257
160	0.5	0.65	0.0	lognormal	original_l1	1500	499	0.99	0.9835660953982986	0.9939305624959235
160	0.5	0.65	0.0	lognormal	huber_primary	1500	499	0.9793333333333333	0.9708150932498304	0.985402725833089
160	0.5	0.65	0.0	lognormal	huber_cap6	1500	499	0.9793333333333333	0.9708150932498304	0.985402725833089
160	0.5	0.65	0.05	uniform	original_l2	1500	499	0.048666666666666664	0.03888362661591451	0.06075550618083598
160	0.5	0.65	0.05	uniform	original_l1	1500	499	0.04933333333333333	0.03947876255528736	0.061490297667169555
160	0.5	0.65	0.05	uniform	huber_primary	1500	499	0.050666666666666665	0.040670651803700913	0.06295826327016886
160	0.5	0.65	0.05	uniform	huber_cap6	1500	499	0.102	0.08768665231219414	0.11834667454107031
160	0.5	0.65	0.05	lognormal	original_l2	1500	499	0.04666666666666667	0.03710158016621855	0.05854777035341267
160	0.5	0.65	0.05	lognormal	original_l1	1500	499	0.048666666666666664	0.03888362661591451	0.06075550618083598
160	0.5	0.65	0.05	lognormal	huber_primary	1500	499	0.056	0.04545839056668995	0.06880994391283121
160	0.5	0.65	0.05	lognormal	huber_cap6	1500	499	0.164	0.14612438018718657	0.18359219725677536
