phase	design	scenario	strength	n_perm	repetitions	omnibus_rejection_rate	wilson_low	wilson_high	profile_rejection_rate	mantel_rejection_rate	best_component_power	omnibus_regret	adjusted_profile_rejection_rate	adjusted_mantel_rejection_rate	winner_profile_rate	winner_expected_rate	mean_profile_z	mean_mantel_z	profile_only_rate	mantel_only_rate	both_rate	unresolved_rate	profile_only_share_given_reject	mantel_only_share_given_reject	both_share_given_reject	unresolved_share_given_reject	winner_agreement_with_999	decision_agreement_with_999	attribution_agreement_with_999
seed1	moderately_unequal	conditional_null	0.0	199	50	0.02	0.003539259271646236	0.10495443589637815	0.02	0.04	0.04	0.02	0.0	0.02	0.46	nan	-0.11173579923387829	-0.04891379753207131	0.0	0.02	0.0	0.98	0.0	1.0	0.0	0.0	1.0	1.0	1.0
seed1	moderately_unequal	conditional_null	0.0	499	50	0.04	0.011038884327619805	0.1346009068750702	0.0	0.06	0.06	0.019999999999999997	0.0	0.04	0.46	nan	-0.10164860123033544	-0.040404930922653265	0.0	0.04	0.0	0.96	0.0	1.0	0.0	0.0	1.0	0.98	0.98
seed1	moderately_unequal	conditional_null	0.0	999	50	0.02	0.003539259271646236	0.10495443589637815	0.0	0.06	0.06	0.039999999999999994	0.0	0.02	0.46	nan	-0.10087244889787067	-0.042817702420585614	0.0	0.02	0.0	0.98	0.0	1.0	0.0	0.0	1.0	1.0	1.0
seed1	moderately_unequal	radial_node	0.6	199	50	0.14	0.06950833427016294	0.2618619371058554	0.16	0.16	0.16	0.01999999999999999	0.1	0.14	0.54	0.54	0.7592030309782862	0.7311581932569479	0.0	0.04	0.1	0.86	0.0	0.2857142857142857	0.7142857142857143	0.0	0.98	0.98	0.98
seed1	moderately_unequal	radial_node	0.6	499	50	0.14	0.06950833427016294	0.2618619371058554	0.14	0.16	0.16	0.01999999999999999	0.08	0.14	0.56	0.56	0.7494702427760217	0.7117501900323624	0.0	0.06	0.08	0.86	0.0	0.42857142857142855	0.5714285714285714	0.0	1.0	0.98	0.94
seed1	moderately_unequal	radial_node	0.6	999	50	0.16	0.08337420678033404	0.2851421606303499	0.18	0.16	0.18	0.01999999999999999	0.12	0.16	0.56	0.56	0.7523020559345962	0.7120030212364397	0.0	0.04	0.12	0.84	0.0	0.25	0.75	0.0	1.0	1.0	1.0
seed1	moderately_unequal	radial_node	1.0	199	50	0.36	0.24138749651846741	0.49858983123887307	0.38	0.32	0.38	0.020000000000000018	0.3	0.3	0.52	0.52	1.5634611203459148	1.531301091225314	0.06	0.06	0.24	0.64	0.16666666666666666	0.16666666666666666	0.6666666666666666	0.0	0.96	0.94	0.94
seed1	moderately_unequal	radial_node	1.0	499	50	0.38	0.25862789310193596	0.5184955306900703	0.4	0.34	0.4	0.020000000000000018	0.32	0.32	0.58	0.58	1.5914085165553353	1.5433384934188377	0.06	0.06	0.26	0.62	0.15789473684210525	0.15789473684210525	0.6842105263157895	0.0	0.98	0.96	0.96
seed1	moderately_unequal	radial_node	1.0	999	50	0.42	0.2937500335471198	0.5576655823142176	0.4	0.4	0.4	-0.019999999999999962	0.32	0.36	0.56	0.56	1.5856898059317153	1.546131401315273	0.06	0.1	0.26	0.58	0.14285714285714285	0.23809523809523808	0.6190476190476191	0.0	1.0	1.0	1.0
seed1	moderately_unequal	radial_node	1.4	199	50	0.76	0.6258731624205708	0.8570260860300828	0.78	0.72	0.78	0.020000000000000018	0.72	0.66	0.54	0.54	2.3707913038814694	2.351108263150839	0.1	0.04	0.62	0.24	0.13157894736842105	0.05263157894736842	0.8157894736842105	0.0	0.92	0.98	0.9
seed1	moderately_unequal	radial_node	1.4	499	50	0.78	0.6475845041874634	0.8724608402978559	0.78	0.7	0.78	0.0	0.72	0.66	0.52	0.52	2.3954962641176016	2.3804443181380384	0.12	0.06	0.6	0.22	0.15384615384615385	0.07692307692307693	0.7692307692307693	0.0	0.98	1.0	0.98
seed1	moderately_unequal	radial_node	1.4	999	50	0.78	0.6475845041874634	0.8724608402978559	0.8	0.72	0.8	0.020000000000000018	0.72	0.68	0.5	0.5	2.4072935023031663	2.3946064221436485	0.1	0.06	0.62	0.22	0.1282051282051282	0.07692307692307693	0.7948717948717948	0.0	1.0	1.0	1.0
seed1	moderately_unequal	dyadic	0.6	199	50	0.04	0.011038884327619805	0.1346009068750702	0.04	0.02	0.04	0.0	0.04	0.02	0.38	0.62	0.04727350924542658	0.11889930641632446	0.02	0.0	0.02	0.96	0.5	0.0	0.5	0.0	1.0	1.0	1.0
seed1	moderately_unequal	dyadic	0.6	499	50	0.04	0.011038884327619805	0.1346009068750702	0.04	0.02	0.04	0.0	0.04	0.02	0.38	0.62	0.04492122630834152	0.11246918626244802	0.02	0.0	0.02	0.96	0.5	0.0	0.5	0.0	1.0	1.0	1.0
seed1	moderately_unequal	dyadic	0.6	999	50	0.04	0.011038884327619805	0.1346009068750702	0.04	0.02	0.04	0.0	0.04	0.02	0.38	0.62	0.050392586709226556	0.1152123081165113	0.02	0.0	0.02	0.96	0.5	0.0	0.5	0.0	1.0	1.0	1.0
seed1	moderately_unequal	dyadic	1.0	199	50	0.18	0.09770192670234178	0.30796053674300783	0.18	0.24	0.24	0.06	0.12	0.18	0.22	0.78	0.6510800466119151	1.0172605686737293	0.0	0.06	0.12	0.82	0.0	0.3333333333333333	0.6666666666666666	0.0	0.98	0.9	0.9
seed1	moderately_unequal	dyadic	1.0	499	50	0.26	0.15871527493552393	0.39553157264848837	0.18	0.3	0.3	0.03999999999999998	0.16	0.26	0.18	0.82	0.6399035711671179	1.0099228839218244	0.0	0.1	0.16	0.74	0.0	0.38461538461538464	0.6153846153846154	0.0	0.98	0.98	0.96
seed1	moderately_unequal	dyadic	1.0	999	50	0.28	0.17474170665911232	0.4166512369595657	0.2	0.3	0.3	0.019999999999999962	0.14	0.28	0.2	0.8	0.6301835827093168	1.0051643747257382	0.0	0.14	0.14	0.72	0.0	0.5	0.5	0.0	1.0	1.0	1.0
seed1	moderately_unequal	dyadic	1.4	199	50	0.38	0.25862789310193596	0.5184955306900703	0.24	0.42	0.42	0.03999999999999998	0.16	0.38	0.14	0.86	1.0150944441594911	1.6787479327374124	0.0	0.22	0.16	0.62	0.0	0.5789473684210527	0.42105263157894735	0.0	1.0	0.9	0.88
seed1	moderately_unequal	dyadic	1.4	499	50	0.42	0.2937500335471198	0.5576655823142176	0.28	0.46	0.46	0.040000000000000036	0.18	0.42	0.12	0.88	1.0215084835763273	1.6987294559253128	0.0	0.24	0.18	0.58	0.0	0.5714285714285714	0.42857142857142855	0.0	0.98	0.98	0.98
seed1	moderately_unequal	dyadic	1.4	999	50	0.44	0.3116219921125717	0.5769397197834315	0.28	0.46	0.46	0.020000000000000018	0.18	0.44	0.14	0.86	1.025830611184662	1.7042177069378162	0.0	0.26	0.18	0.56	0.0	0.5909090909090909	0.4090909090909091	0.0	1.0	1.0	1.0
seed1	moderately_unequal	mixed_covariate	0.6	199	50	0.24	0.1429739139699173	0.3741268375794292	0.14	0.24	0.24	0.0	0.12	0.24	0.46	nan	0.7494469799427936	0.8258186441883945	0.0	0.12	0.12	0.76	0.0	0.5	0.5	0.0	0.96	0.98	0.96
seed1	moderately_unequal	mixed_covariate	0.6	499	50	0.2	0.1124375001577611	0.3303710593222542	0.14	0.22	0.22	0.01999999999999999	0.12	0.2	0.48	nan	0.7366802225324938	0.8047945141740495	0.0	0.08	0.12	0.8	0.0	0.4	0.6	0.0	0.98	0.98	0.96
seed1	moderately_unequal	mixed_covariate	0.6	999	50	0.22	0.1275391597021442	0.3524154958125367	0.14	0.24	0.24	0.01999999999999999	0.1	0.22	0.46	nan	0.7266803636365823	0.79724332961736	0.0	0.12	0.1	0.78	0.0	0.5454545454545454	0.45454545454545453	0.0	1.0	1.0	1.0
seed1	moderately_unequal	mixed_covariate	1.0	199	50	0.42	0.2937500335471198	0.5576655823142176	0.42	0.44	0.44	0.020000000000000018	0.3	0.4	0.4	nan	1.537138005897628	1.7260616617534266	0.02	0.12	0.28	0.58	0.047619047619047616	0.2857142857142857	0.6666666666666666	0.0	0.98	0.9	0.84
seed1	moderately_unequal	mixed_covariate	1.0	499	50	0.52	0.38511744890044614	0.6520286471342196	0.44	0.46	0.46	-0.06	0.36	0.42	0.4	nan	1.5461258212379392	1.738966005088789	0.1	0.16	0.26	0.48	0.19230769230769232	0.3076923076923077	0.5	0.0	0.98	0.96	0.96
seed1	moderately_unequal	mixed_covariate	1.0	999	50	0.48	0.34797135286578046	0.6148825510995539	0.46	0.46	0.46	-0.019999999999999962	0.32	0.42	0.42	nan	1.5369771117860247	1.7354661676423673	0.06	0.16	0.26	0.52	0.125	0.3333333333333333	0.5416666666666666	0.0	1.0	1.0	1.0
seed1	moderately_unequal	mixed_covariate	1.4	199	50	0.78	0.6475845041874634	0.8724608402978559	0.78	0.8	0.8	0.020000000000000018	0.68	0.74	0.18	nan	2.3391790844909823	2.7770580620965495	0.04	0.1	0.64	0.22	0.05128205128205128	0.1282051282051282	0.8205128205128205	0.0	0.98	0.94	0.92
seed1	moderately_unequal	mixed_covariate	1.4	499	50	0.78	0.6475845041874634	0.8724608402978559	0.78	0.82	0.82	0.039999999999999925	0.68	0.76	0.18	nan	2.3951017945135975	2.854578712762338	0.02	0.1	0.66	0.22	0.02564102564102564	0.1282051282051282	0.8461538461538461	0.0	0.98	0.98	0.98
seed1	moderately_unequal	mixed_covariate	1.4	999	50	0.8	0.6696289406777459	0.887562499842239	0.78	0.8	0.8	0.0	0.68	0.78	0.16	nan	2.39564620136187	2.877152155660433	0.02	0.12	0.66	0.2	0.025	0.15	0.825	0.0	1.0	1.0	1.0
seed1	severely_unequal	conditional_null	0.0	199	50	0.04	0.011038884327619805	0.1346009068750702	0.02	0.04	0.04	0.0	0.02	0.04	0.5	nan	-0.0985437192193437	-0.06830631770739136	0.0	0.02	0.02	0.96	0.0	0.5	0.5	0.0	0.92	1.0	1.0
seed1	severely_unequal	conditional_null	0.0	499	50	0.06	0.02061497034897397	0.16217091688838173	0.06	0.04	0.06	0.0	0.04	0.04	0.48	nan	-0.0933721217041733	-0.06496738743001208	0.02	0.02	0.02	0.94	0.3333333333333333	0.3333333333333333	0.3333333333333333	0.0	0.98	0.98	0.98
seed1	severely_unequal	conditional_null	0.0	999	50	0.04	0.011038884327619805	0.1346009068750702	0.04	0.04	0.04	0.0	0.02	0.04	0.5	nan	-0.08590594004297376	-0.05490971907379092	0.0	0.02	0.02	0.96	0.0	0.5	0.5	0.0	1.0	1.0	1.0
seed1	severely_unequal	radial_node	0.6	199	50	0.38	0.25862789310193596	0.5184955306900703	0.32	0.34	0.34	-0.03999999999999998	0.28	0.34	0.42	0.42	1.0211545662919432	1.1147784168550166	0.04	0.1	0.24	0.62	0.10526315789473684	0.2631578947368421	0.631578947368421	0.0	1.0	0.96	0.9
seed1	severely_unequal	radial_node	0.6	499	50	0.34	0.2243694922250009	0.478461739497674	0.32	0.36	0.36	0.019999999999999962	0.24	0.32	0.42	0.42	1.0414869303333136	1.1365249191136848	0.02	0.1	0.22	0.66	0.058823529411764705	0.29411764705882354	0.6470588235294118	0.0	1.0	1.0	0.96
seed1	severely_unequal	radial_node	0.6	999	50	0.34	0.2243694922250009	0.478461739497674	0.32	0.34	0.34	0.0	0.24	0.32	0.42	0.42	1.0439439043310326	1.1358734411092326	0.02	0.1	0.22	0.66	0.058823529411764705	0.29411764705882354	0.6470588235294118	0.0	1.0	1.0	1.0
seed1	severely_unequal	radial_node	1.0	199	50	0.52	0.38511744890044614	0.6520286471342196	0.54	0.52	0.54	0.020000000000000018	0.48	0.48	0.46	0.46	1.8912007238564035	1.9797646011681314	0.04	0.04	0.44	0.48	0.07692307692307693	0.07692307692307693	0.8461538461538461	0.0	0.98	0.96	0.96
seed1	severely_unequal	radial_node	1.0	499	50	0.54	0.40398871399157477	0.6703034780777566	0.52	0.5	0.52	-0.020000000000000018	0.48	0.5	0.48	0.48	1.893141969730585	2.00380871649225	0.04	0.06	0.44	0.46	0.07407407407407407	0.1111111111111111	0.8148148148148148	0.0	1.0	0.98	0.98
seed1	severely_unequal	radial_node	1.0	999	50	0.56	0.4230602802165686	0.6883780078874284	0.52	0.52	0.52	-0.040000000000000036	0.5	0.5	0.48	0.48	1.909236778360076	2.0209400511873277	0.06	0.06	0.44	0.44	0.10714285714285714	0.10714285714285714	0.7857142857142857	0.0	1.0	1.0	1.0
seed1	severely_unequal	radial_node	1.4	199	50	0.74	0.6044684273515117	0.8412847250644762	0.8	0.74	0.8	0.06000000000000005	0.74	0.72	0.42	0.42	2.490020790401075	2.6141781381568756	0.02	0.0	0.72	0.26	0.02702702702702703	0.0	0.972972972972973	0.0	0.98	0.96	0.92
seed1	severely_unequal	radial_node	1.4	499	50	0.78	0.6475845041874634	0.8724608402978559	0.8	0.8	0.8	0.020000000000000018	0.74	0.76	0.38	0.38	2.5289365156596744	2.643220197207804	0.02	0.04	0.72	0.22	0.02564102564102564	0.05128205128205128	0.9230769230769231	0.0	0.98	1.0	1.0
seed1	severely_unequal	radial_node	1.4	999	50	0.78	0.6475845041874634	0.8724608402978559	0.78	0.8	0.8	0.020000000000000018	0.74	0.76	0.4	0.4	2.531138489512843	2.647286387782758	0.02	0.04	0.72	0.22	0.02564102564102564	0.05128205128205128	0.9230769230769231	0.0	1.0	1.0	1.0
seed1	severely_unequal	dyadic	0.6	199	50	0.04	0.011038884327619805	0.1346009068750702	0.08	0.04	0.08	0.04	0.02	0.04	0.34	0.66	0.14612127300588873	0.28326694988903983	0.0	0.02	0.02	0.96	0.0	0.5	0.5	0.0	0.98	0.96	0.94
seed1	severely_unequal	dyadic	0.6	499	50	0.1	0.04347576493189041	0.21360231437479654	0.08	0.08	0.08	-0.020000000000000004	0.04	0.08	0.34	0.66	0.15261576604554028	0.29331464282903197	0.02	0.06	0.02	0.9	0.2	0.6	0.2	0.0	0.98	0.98	0.96
seed1	severely_unequal	dyadic	0.6	999	50	0.08	0.03154951408859298	0.18838246918342838	0.08	0.1	0.1	0.020000000000000004	0.06	0.06	0.36	0.64	0.15298495004189683	0.2958353082122265	0.02	0.02	0.04	0.92	0.25	0.25	0.5	0.0	1.0	1.0	1.0
seed1	severely_unequal	dyadic	1.0	199	50	0.16	0.08337420678033404	0.2851421606303499	0.06	0.2	0.2	0.04000000000000001	0.04	0.16	0.2	0.8	0.5460302413603617	0.9019220730171854	0.0	0.12	0.04	0.84	0.0	0.75	0.25	0.0	0.96	0.98	0.96
seed1	severely_unequal	dyadic	1.0	499	50	0.16	0.08337420678033404	0.2851421606303499	0.06	0.18	0.18	0.01999999999999999	0.06	0.16	0.22	0.78	0.5670189584481046	0.9174114001734128	0.0	0.1	0.06	0.84	0.0	0.625	0.375	0.0	0.98	0.98	0.98
seed1	severely_unequal	dyadic	1.0	999	50	0.18	0.09770192670234178	0.30796053674300783	0.1	0.2	0.2	0.020000000000000018	0.06	0.18	0.2	0.8	0.5710967354275936	0.923986994534472	0.0	0.12	0.06	0.82	0.0	0.6666666666666666	0.3333333333333333	0.0	1.0	1.0	1.0
seed1	severely_unequal	dyadic	1.4	199	50	0.28	0.17474170665911232	0.4166512369595657	0.2	0.32	0.32	0.03999999999999998	0.16	0.28	0.16	0.84	0.8549912515610564	1.4163186376556791	0.0	0.12	0.16	0.72	0.0	0.42857142857142855	0.5714285714285714	0.0	1.0	0.96	0.96
seed1	severely_unequal	dyadic	1.4	499	50	0.3	0.19103553500880954	0.437503504644534	0.2	0.36	0.36	0.06	0.18	0.3	0.16	0.84	0.8625070232934882	1.4403035797994426	0.0	0.12	0.18	0.7	0.0	0.4	0.6	0.0	1.0	0.98	0.96
seed1	severely_unequal	dyadic	1.4	999	50	0.28	0.17474170665911232	0.4166512369595657	0.2	0.34	0.34	0.06	0.16	0.28	0.16	0.84	0.8568974471914212	1.4334717402679444	0.0	0.12	0.16	0.72	0.0	0.42857142857142855	0.5714285714285714	0.0	1.0	1.0	1.0
seed1	severely_unequal	mixed_covariate	0.6	199	50	0.34	0.2243694922250009	0.478461739497674	0.34	0.3	0.34	0.0	0.28	0.3	0.5	nan	1.0456835792671675	1.1523190451842356	0.04	0.06	0.24	0.66	0.11764705882352941	0.17647058823529413	0.7058823529411765	0.0	0.98	0.94	0.88
seed1	severely_unequal	mixed_covariate	0.6	499	50	0.36	0.24138749651846741	0.49858983123887307	0.34	0.32	0.34	-0.019999999999999962	0.3	0.3	0.5	nan	1.0358646386699673	1.155932880392124	0.06	0.06	0.24	0.64	0.16666666666666666	0.16666666666666666	0.6666666666666666	0.0	0.98	1.0	1.0
seed1	severely_unequal	mixed_covariate	0.6	999	50	0.36	0.24138749651846741	0.49858983123887307	0.36	0.32	0.36	0.0	0.3	0.3	0.52	nan	1.0337448741779303	1.1495116598748134	0.06	0.06	0.24	0.64	0.16666666666666666	0.16666666666666666	0.6666666666666666	0.0	1.0	1.0	1.0
seed1	severely_unequal	mixed_covariate	1.0	199	50	0.58	0.4423344176857823	0.7062499664528802	0.54	0.58	0.58	0.0	0.42	0.52	0.3	nan	1.7382683896208124	1.9789549619168674	0.06	0.16	0.36	0.42	0.10344827586206896	0.27586206896551724	0.6206896551724138	0.0	0.96	0.96	0.88
seed1	severely_unequal	mixed_covariate	1.0	499	50	0.6	0.4618143774758936	0.7239161026974346	0.52	0.62	0.62	0.020000000000000018	0.48	0.58	0.3	nan	1.7682976018752923	2.021096286743318	0.02	0.12	0.46	0.4	0.03333333333333333	0.2	0.7666666666666667	0.0	0.96	0.98	0.94
seed1	severely_unequal	mixed_covariate	1.0	999	50	0.58	0.4423344176857823	0.7062499664528802	0.54	0.6	0.6	0.020000000000000018	0.48	0.54	0.26	nan	1.7589396821736407	2.0117969457196234	0.04	0.1	0.44	0.42	0.06896551724137931	0.1724137931034483	0.7586206896551724	0.0	1.0	1.0	1.0
seed1	severely_unequal	mixed_covariate	1.4	199	50	0.78	0.6475845041874634	0.8724608402978559	0.74	0.76	0.76	-0.020000000000000018	0.7	0.72	0.28	nan	2.409928308008584	2.773881370240409	0.06	0.08	0.64	0.22	0.07692307692307693	0.10256410256410256	0.8205128205128205	0.0	1.0	0.96	0.94
seed1	severely_unequal	mixed_covariate	1.4	499	50	0.78	0.6475845041874634	0.8724608402978559	0.72	0.78	0.78	0.0	0.7	0.72	0.28	nan	2.4157821196957143	2.7918794117490484	0.06	0.08	0.64	0.22	0.07692307692307693	0.10256410256410256	0.8205128205128205	0.0	1.0	0.96	0.94
seed1	severely_unequal	mixed_covariate	1.4	999	50	0.78	0.6475845041874634	0.8724608402978559	0.74	0.78	0.78	0.0	0.66	0.74	0.28	nan	2.433225688142332	2.801229246951776	0.04	0.12	0.62	0.22	0.05128205128205128	0.15384615384615385	0.7948717948717948	0.0	1.0	1.0	1.0
