scenario	method	n	repetitions	n_perm	rejections	rejection_rate	wilson_low	wilson_high	mean_profile_correlation
null_clean	huber_c1.0	80	300	199	11	0.03666666666666667	0.02059530516285303	0.06445384817189295	0.0012623784437247136
null_clean	huber_c1.345	80	300	199	11	0.03666666666666667	0.02059530516285303	0.06445384817189295	0.0011466333963026912
null_clean	huber_c2.0	80	300	199	16	0.05333333333333334	0.03309191251909646	0.08486914177483133	0.0007398298261752808
null_clean	huber_c3.0	80	300	199	14	0.04666666666666667	0.027998933682334012	0.07679736022792105	0.0005995461340202842
null_clean	huber_cap3	80	300	199	13	0.043333333333333335	0.025496448084407246	0.07271746563401146	0.0016103466579899168
null_clean	huber_cap4	80	300	199	11	0.03666666666666667	0.02059530516285303	0.06445384817189295	0.0011999189961981417
null_clean	huber_cap6	80	300	199	15	0.05	0.03053164062934728	0.08084703347274415	0.0011466333963026912
null_clean	huber_cap8	80	300	199	15	0.05	0.03053164062934728	0.08084703347274415	0.0011466333963026912
null_clean	huber_soft3	80	300	199	15	0.05	0.03053164062934728	0.08084703347274415	0.0017271276749007407
null_clean	huber_soft4	80	300	199	15	0.05	0.03053164062934728	0.08084703347274415	0.0015262702439060864
null_clean	huber_soft6	80	300	199	12	0.04	0.023027321487942308	0.06860421203864003	0.0013402734544562503
null_clean	huber_soft8	80	300	199	11	0.03666666666666667	0.02059530516285303	0.06445384817189295	0.0012618156252613769
null_clean	trim5	80	300	199	12	0.04	0.023027321487942308	0.06860421203864003	0.0008234977085617319
null_clean	trim10	80	300	199	14	0.04666666666666667	0.027998933682334012	0.07679736022792105	0.001157019256629071
null_clean	trim20	80	300	199	13	0.043333333333333335	0.025496448084407246	0.07271746563401146	0.0014143090890339374
null_contam_p05	huber_c1.0	80	300	199	8	0.02666666666666667	0.01357306980864708	0.05172894295058982	-0.003772805965976751
null_contam_p05	huber_c1.345	80	300	199	10	0.03333333333333333	0.01820494733885481	0.06026182580405482	-0.003742657076900919
null_contam_p05	huber_c2.0	80	300	199	7	0.023333333333333334	0.011347660299125234	0.04737197226827532	-0.0036804521520979044
null_contam_p05	huber_c3.0	80	300	199	7	0.023333333333333334	0.011347660299125234	0.04737197226827532	-0.0035156228400570607
null_contam_p05	huber_cap3	80	300	199	6	0.02	0.009197631557703617	0.042939620817860576	-0.01079300600596223
null_contam_p05	huber_cap4	80	300	199	7	0.023333333333333334	0.011347660299125234	0.04737197226827532	-0.010206451834228221
null_contam_p05	huber_cap6	80	300	199	10	0.03333333333333333	0.01820494733885481	0.06026182580405482	-0.008000631406706956
null_contam_p05	huber_cap8	80	300	199	12	0.04	0.023027321487942308	0.06860421203864003	-0.006399854231672395
null_contam_p05	huber_soft3	80	300	199	11	0.03666666666666667	0.02059530516285303	0.06445384817189295	-0.01050890482965858
null_contam_p05	huber_soft4	80	300	199	9	0.03	0.01586185380943231	0.05602253914164096	-0.009741927927728242
null_contam_p05	huber_soft6	80	300	199	12	0.04	0.023027321487942308	0.06860421203864003	-0.007867612666199744
null_contam_p05	huber_soft8	80	300	199	11	0.03666666666666667	0.02059530516285303	0.06445384817189295	-0.006505068410844588
null_contam_p05	trim5	80	300	199	9	0.03	0.01586185380943231	0.05602253914164096	-0.003711517371845432
null_contam_p05	trim10	80	300	199	10	0.03333333333333333	0.01820494733885481	0.06026182580405482	-0.003731544944878193
null_contam_p05	trim20	80	300	199	10	0.03333333333333333	0.01820494733885481	0.06026182580405482	-0.003790893554763619
matched_p01_m8	huber_c1.0	80	300	199	300	1.0	0.9873570287754538	0.9999999999999998	0.6394486002142651
matched_p01_m8	huber_c1.345	80	300	199	300	1.0	0.9873570287754538	0.9999999999999998	0.6400911052269548
matched_p01_m8	huber_c2.0	80	300	199	300	1.0	0.9873570287754538	0.9999999999999998	0.6403774029087365
matched_p01_m8	huber_c3.0	80	300	199	300	1.0	0.9873570287754538	0.9999999999999998	0.6396561016140999
matched_p01_m8	huber_cap3	80	300	199	95	0.31666666666666665	0.26662835068573615	0.37134073876326396	0.14882259416185756
matched_p01_m8	huber_cap4	80	300	199	227	0.7566666666666667	0.7050648160221181	0.8017784587492817	0.26687418593129164
matched_p01_m8	huber_cap6	80	300	199	299	0.9966666666666667	0.9813633063054688	0.9994113422781488	0.48381863983598994
matched_p01_m8	huber_cap8	80	300	199	300	1.0	0.9873570287754538	0.9999999999999998	0.6058601840371098
matched_p01_m8	huber_soft3	80	300	199	127	0.42333333333333334	0.3687385228107271	0.47986673277703656	0.1883256774049776
matched_p01_m8	huber_soft4	80	300	199	246	0.82	0.7725668011129554	0.859341697303335	0.28328810233247526
matched_p01_m8	huber_soft6	80	300	199	295	0.9833333333333333	0.9615846051669054	0.9928605226493666	0.42367434980809776
matched_p01_m8	huber_soft8	80	300	199	300	1.0	0.9873570287754538	0.9999999999999998	0.5027180656787429
matched_p01_m8	trim5	80	300	199	300	1.0	0.9873570287754538	0.9999999999999998	0.640419847522255
matched_p01_m8	trim10	80	300	199	300	1.0	0.9873570287754538	0.9999999999999998	0.6400794511541761
matched_p01_m8	trim20	80	300	199	300	1.0	0.9873570287754538	0.9999999999999998	0.6391471995525444
t2_matched	huber_c1.0	80	300	199	222	0.74	0.6875519770721528	0.7863793967400652	0.36404491346897394
t2_matched	huber_c1.345	80	300	199	225	0.75	0.6980484035459826	0.7956301108417443	0.3632496412685642
t2_matched	huber_c2.0	80	300	199	221	0.7366666666666667	0.6840604965627417	0.7832884970576399	0.36121133890297225
t2_matched	huber_c3.0	80	300	199	217	0.7233333333333334	0.6701300560341223	0.7708894168189138	0.35743197844632346
t2_matched	huber_cap3	80	300	199	209	0.6966666666666667	0.642431561442127	0.7459288698762181	0.24766325357498759
t2_matched	huber_cap4	80	300	199	280	0.9333333333333333	0.899276940483885	0.9564324844548417	0.336583889554069
t2_matched	huber_cap6	80	300	199	299	0.9966666666666667	0.9813633063054688	0.9994113422781488	0.44406543771120655
t2_matched	huber_cap8	80	300	199	295	0.9833333333333333	0.9615846051669054	0.9928605226493666	0.44729254733342144
t2_matched	huber_soft3	80	300	199	252	0.84	0.7942563251514081	0.8771464544159004	0.28862855762388584
t2_matched	huber_soft4	80	300	199	287	0.9566666666666667	0.9272825343659885	0.9745035519155927	0.3440809203748102
t2_matched	huber_soft6	80	300	199	295	0.9833333333333333	0.9615846051669054	0.9928605226493666	0.39411974782326264
t2_matched	huber_soft8	80	300	199	293	0.9766666666666667	0.9526280277317246	0.9886523397008747	0.40762817856261774
t2_matched	trim5	80	300	199	218	0.7266666666666667	0.6736074258805683	0.7739944271643041	0.3559609491781732
t2_matched	trim10	80	300	199	225	0.75	0.6980484035459826	0.7956301108417443	0.36192502358978507
t2_matched	trim20	80	300	199	227	0.7566666666666667	0.7050648160221181	0.8017784587492817	0.36423411010598433
bimodal_aligned	huber_c1.0	80	300	199	276	0.92	0.8837267595665261	0.9456531446048553	0.8696639597106594
bimodal_aligned	huber_c1.345	80	300	199	273	0.91	0.8722229892013517	0.9374097743945206	0.7905393582343453
bimodal_aligned	huber_c2.0	80	300	199	236	0.7866666666666666	0.7368372921361543	0.8292474043617724	0.5970344359240298
bimodal_aligned	huber_c3.0	80	300	199	210	0.7	0.6458824752950584	0.749060336215123	0.4369959486455732
bimodal_aligned	huber_cap3	80	300	199	274	0.9133333333333333	0.8760440413057516	0.9401711024819569	0.7903476679826579
bimodal_aligned	huber_cap4	80	300	199	273	0.91	0.8722229892013517	0.9374097743945206	0.790504238860927
bimodal_aligned	huber_cap6	80	300	199	273	0.91	0.8722229892013517	0.9374097743945206	0.79055420549325
bimodal_aligned	huber_cap8	80	300	199	272	0.9066666666666666	0.8684146029829267	0.934635780421109	0.7905415486138416
bimodal_aligned	huber_soft3	80	300	199	274	0.9133333333333333	0.8760440413057516	0.9401711024819569	0.7890092588430611
bimodal_aligned	huber_soft4	80	300	199	274	0.9133333333333333	0.8760440413057516	0.9401711024819569	0.7900682866156348
bimodal_aligned	huber_soft6	80	300	199	275	0.9166666666666666	0.8798783980359391	0.9429191259436057	0.7905062591400256
bimodal_aligned	huber_soft8	80	300	199	274	0.9133333333333333	0.8760440413057516	0.9401711024819569	0.7905673186974119
bimodal_aligned	trim5	80	300	199	216	0.72	0.666656114789153	0.7677809778720466	0.4147317196327971
bimodal_aligned	trim10	80	300	199	225	0.75	0.6980484035459826	0.7956301108417443	0.4497665790196894
bimodal_aligned	trim20	80	300	199	244	0.8133333333333334	0.7653812201652491	0.8533625178673686	0.5328851376409298
unmatched_masking	huber_c1.0	80	300	199	16	0.05333333333333334	0.03309191251909646	0.08486914177483133	0.07187015963723284
unmatched_masking	huber_c1.345	80	300	199	20	0.06666666666666667	0.043567515545158274	0.10072305951611496	0.0715475440316299
unmatched_masking	huber_c2.0	80	300	199	16	0.05333333333333334	0.03309191251909646	0.08486914177483133	0.07071136119817173
unmatched_masking	huber_c3.0	80	300	199	17	0.056666666666666664	0.03567747646328951	0.08886595802247463	0.0695379116847558
unmatched_masking	huber_cap3	80	300	199	107	0.3566666666666667	0.30458741740255907	0.41237023434847747	0.15730384921409604
unmatched_masking	huber_cap4	80	300	199	162	0.54	0.4834517097991302	0.5955368525029061	0.2161184837771909
unmatched_masking	huber_cap6	80	300	199	177	0.59	0.5335482149789318	0.6441760502006498	0.24118421346875568
unmatched_masking	huber_cap8	80	300	199	120	0.4	0.3461651905860969	0.4563634036588123	0.19926244959183478
unmatched_masking	huber_soft3	80	300	199	107	0.3566666666666667	0.30458741740255907	0.41237023434847747	0.16774834191360266
unmatched_masking	huber_soft4	80	300	199	136	0.4533333333333333	0.39794515245358275	0.509901524860708	0.19023875955338848
unmatched_masking	huber_soft6	80	300	199	112	0.37333333333333335	0.32052468559554903	0.42934486711466924	0.19131211690140398
unmatched_masking	huber_soft8	80	300	199	94	0.31333333333333335	0.2634843975598553	0.36790231169730847	0.1719080285938104
unmatched_masking	trim5	80	300	199	14	0.04666666666666667	0.027998933682334012	0.07679736022792105	0.07023013373931636
unmatched_masking	trim10	80	300	199	12	0.04	0.023027321487942308	0.06860421203864003	0.07127441356312104
unmatched_masking	trim20	80	300	199	17	0.056666666666666664	0.03567747646328951	0.08886595802247463	0.07195697649981618
