background	kind	n	k_extremes	scenario	target_reference	target_corr	selected_magnitude	calibrated_mean_corr	calibrated_mean_norm	alpha	calibration_repetitions	evaluation_repetitions	n_perm	reject_count	rejection_rate	wilson_low	wilson_high	mean_raw	mean_norm	mean_corr	mean_p	p05	p50	p95	mean_index_overlap
normal	l2	20	1	matched	explicit target_corr=0.35	0.35	2.5	0.394	0.9526	0.05	120	300	499	105	0.35	0.2982	0.4056	20.6538	0.9508	0.3607	0.1234	0.006	0.082	0.369	1.0
normal	l2	20	1	independent_null	explicit target_corr=0.35	0.35	2.5	0.394	0.9526	0.05	120	300	499	18	0.06	0.0383	0.0928	19.9988	0.9203	-0.0022	0.5038	0.0399	0.481	0.9702	0.0633
normal	l2	20	2	matched	explicit target_corr=0.35	0.35	2.5	0.4172	0.959	0.05	120	300	499	162	0.54	0.4835	0.5955	20.7276	0.9599	0.432	0.0782	0.002	0.042	0.2785	2.0
normal	l2	20	2	independent_null	explicit target_corr=0.35	0.35	2.5	0.4172	0.959	0.05	120	300	499	12	0.04	0.023	0.0686	20.0182	0.9251	0.0105	0.4868	0.0738	0.489	0.9361	0.2067
normal	l2	20	3	matched	explicit target_corr=0.35	0.35	2.5	0.4597	0.9658	0.05	120	300	499	190	0.6333	0.5774	0.6859	20.6956	0.9651	0.4568	0.0611	0.002	0.028	0.238	3.0
normal	l2	20	3	independent_null	explicit target_corr=0.35	0.35	2.5	0.4597	0.9658	0.05	120	300	499	12	0.04	0.023	0.0686	19.9607	0.9316	-0.0268	0.5282	0.066	0.531	0.9742	0.45
normal	l2	40	1	matched	explicit target_corr=0.35	0.35	3.0	0.3613	0.9448	0.05	120	300	499	189	0.63	0.574	0.6827	41.3522	0.9424	0.3387	0.0619	0.004	0.034	0.2341	1.0
normal	l2	40	1	independent_null	explicit target_corr=0.35	0.35	3.0	0.3613	0.9448	0.05	120	300	499	17	0.0567	0.0357	0.0889	39.9733	0.9105	-0.0061	0.522	0.0479	0.55	0.9483	0.0367
normal	l2	40	2	matched	explicit target_corr=0.35	0.35	2.5	0.347	0.9477	0.05	120	300	499	200	0.6667	0.6115	0.7176	41.2607	0.9478	0.3446	0.0573	0.002	0.022	0.2343	2.0
normal	l2	40	2	independent_null	explicit target_corr=0.35	0.35	2.5	0.347	0.9477	0.05	120	300	499	12	0.04	0.023	0.0686	40.0077	0.9182	0.002	0.4965	0.0598	0.482	0.9561	0.0967
normal	l2	40	3	matched	explicit target_corr=0.35	0.35	2.5	0.3829	0.9517	0.05	120	300	499	236	0.7867	0.7368	0.8292	41.4189	0.9528	0.393	0.0324	0.002	0.012	0.1224	3.0
normal	l2	40	3	independent_null	explicit target_corr=0.35	0.35	2.5	0.3829	0.9517	0.05	120	300	499	18	0.06	0.0383	0.0928	40.0806	0.9219	0.0238	0.4611	0.04	0.461	0.9345	0.2833
normal	l2	80	1	matched	explicit target_corr=0.35	0.35	4.0	0.3921	0.9407	0.05	120	300	499	292	0.9733	0.9483	0.9864	83.3618	0.9386	0.3741	0.0133	0.002	0.01	0.0381	1.0
normal	l2	80	1	independent_null	explicit target_corr=0.35	0.35	4.0	0.3921	0.9407	0.05	120	300	499	20	0.0667	0.0436	0.1007	80.0929	0.9017	0.0105	0.4754	0.042	0.45	0.9501	0.0233
normal	l2	80	2	matched	explicit target_corr=0.35	0.35	3.0	0.3275	0.9396	0.05	120	300	499	281	0.9367	0.9032	0.9591	82.6849	0.9408	0.3341	0.0148	0.002	0.006	0.058	2.0
normal	l2	80	2	independent_null	explicit target_corr=0.35	0.35	3.0	0.3275	0.9396	0.05	120	300	499	16	0.0533	0.0331	0.0849	79.984	0.9096	-0.0018	0.5047	0.0459	0.51	0.9501	0.0567
normal	l2	80	3	matched	explicit target_corr=0.35	0.35	3.0	0.4169	0.9467	0.05	120	300	499	297	0.99	0.971	0.9966	83.5252	0.9472	0.4229	0.0045	0.002	0.002	0.014	3.0
normal	l2	80	3	independent_null	explicit target_corr=0.35	0.35	3.0	0.4169	0.9467	0.05	120	300	499	12	0.04	0.023	0.0686	79.9598	0.9076	-0.0045	0.514	0.0578	0.505	0.9481	0.0933
normal	l2	160	1	matched	explicit target_corr=0.35	0.35	5.0	0.3531	0.9343	0.05	120	300	499	300	1.0	0.9874	1.0	166.5403	0.9339	0.3529	0.0057	0.002	0.004	0.0121	1.0
normal	l2	160	1	independent_null	explicit target_corr=0.35	0.35	5.0	0.3531	0.9343	0.05	120	300	499	16	0.0533	0.0331	0.0849	160.1153	0.8982	0.0061	0.481	0.0478	0.485	0.9361	0.01
normal	l2	160	2	matched	explicit target_corr=0.35	0.35	4.0	0.3672	0.9372	0.05	120	300	499	300	1.0	0.9874	1.0	166.8373	0.9376	0.377	0.0025	0.002	0.002	0.004	2.0
normal	l2	160	2	independent_null	explicit target_corr=0.35	0.35	4.0	0.3672	0.9372	0.05	120	300	499	16	0.0533	0.0331	0.0849	160.0128	0.899	0.001	0.496	0.046	0.482	0.9462	0.0233
normal	l2	160	3	matched	explicit target_corr=0.35	0.35	3.5	0.3815	0.9404	0.05	120	300	499	300	1.0	0.9874	1.0	166.5019	0.939	0.3709	0.0023	0.002	0.002	0.004	3.0
normal	l2	160	3	independent_null	explicit target_corr=0.35	0.35	3.5	0.3815	0.9404	0.05	120	300	499	15	0.05	0.0305	0.0808	160.0108	0.9031	0.0003	0.4996	0.0537	0.486	0.9561	0.06
t3	l2	20	1	matched	explicit target_corr=0.35	0.35	4.0	0.3603	0.9307	0.05	120	300	499	93	0.31	0.2603	0.3645	20.8749	0.9289	0.3447	0.1388	0.01	0.092	0.3902	1.0
t3	l2	20	1	independent_null	explicit target_corr=0.35	0.35	4.0	0.3603	0.9307	0.05	120	300	499	9	0.03	0.0159	0.056	20.0347	0.8914	0.0102	0.4769	0.0779	0.472	0.9364	0.0233
t3	l2	20	2	matched	explicit target_corr=0.35	0.35	3.5	0.3388	0.9395	0.05	120	300	499	115	0.3833	0.3301	0.4395	20.6958	0.9377	0.3272	0.1711	0.002	0.087	0.6046	2.0
t3	l2	20	2	independent_null	explicit target_corr=0.35	0.35	3.5	0.3388	0.9395	0.05	120	300	499	11	0.0367	0.0206	0.0645	20.0025	0.9076	0.0017	0.494	0.0659	0.478	0.966	0.2033
t3	l2	20	3	matched	explicit target_corr=0.35	0.35	3.5	0.3209	0.9473	0.05	120	300	499	122	0.4067	0.3526	0.4631	20.5963	0.9468	0.3304	0.1645	0.002	0.091	0.5567	3.0
t3	l2	20	3	independent_null	explicit target_corr=0.35	0.35	3.5	0.3209	0.9473	0.05	120	300	499	19	0.0633	0.0409	0.0968	19.996	0.9199	-0.0016	0.5054	0.0399	0.499	0.9541	0.4233
t3	l2	40	1	matched	explicit target_corr=0.35	0.35	5.5	0.3467	0.9101	0.05	120	300	499	154	0.5133	0.457	0.5694	42.2796	0.91	0.3471	0.0785	0.0059	0.044	0.2503	1.0
t3	l2	40	1	independent_null	explicit target_corr=0.35	0.35	5.5	0.3467	0.9101	0.05	120	300	499	13	0.0433	0.0255	0.0727	39.9705	0.8592	-0.0047	0.5112	0.0539	0.518	0.962	0.02
t3	l2	40	2	matched	explicit target_corr=0.35	0.35	4.5	0.3751	0.9243	0.05	120	300	499	172	0.5733	0.5168	0.628	42.1326	0.9208	0.3587	0.0747	0.002	0.034	0.2785	2.0
t3	l2	40	2	independent_null	explicit target_corr=0.35	0.35	4.5	0.3751	0.9243	0.05	120	300	499	15	0.05	0.0305	0.0808	39.9543	0.8755	-0.0073	0.5187	0.0496	0.544	0.9581	0.1
t3	l2	40	3	matched	explicit target_corr=0.35	0.35	4.5	0.4007	0.9332	0.05	120	300	499	210	0.7	0.6459	0.7491	42.3114	0.9346	0.4193	0.0499	0.002	0.014	0.2165	3.0
t3	l2	40	3	independent_null	explicit target_corr=0.35	0.35	4.5	0.4007	0.9332	0.05	120	300	499	15	0.05	0.0305	0.0808	39.9664	0.8825	-0.0054	0.5144	0.0517	0.531	0.9443	0.2333
t3	l2	80	1	matched	explicit target_corr=0.35	0.35	7.0	0.3038	0.8924	0.05	120	300	499	220	0.7333	0.6806	0.7802	84.6824	0.8952	0.3169	0.0397	0.002	0.024	0.1283	1.0
t3	l2	80	1	independent_null	explicit target_corr=0.35	0.35	7.0	0.3038	0.8924	0.05	120	300	499	8	0.0267	0.0136	0.0517	79.8252	0.8435	-0.0117	0.523	0.0799	0.536	0.9526	0.0133
t3	l2	80	2	matched	explicit target_corr=0.35	0.35	6.0	0.3499	0.903	0.05	120	300	499	236	0.7867	0.7368	0.8292	85.0337	0.9038	0.3518	0.0321	0.002	0.01	0.1241	2.0
t3	l2	80	2	independent_null	explicit target_corr=0.35	0.35	6.0	0.3499	0.903	0.05	120	300	499	19	0.0633	0.0409	0.0968	80.103	0.8527	0.0086	0.4805	0.032	0.497	0.9245	0.0633
t3	l2	80	3	matched	explicit target_corr=0.35	0.35	5.0	0.3085	0.9052	0.05	120	300	499	216	0.72	0.6667	0.7678	84.2181	0.9079	0.3223	0.0394	0.002	0.016	0.1482	3.0
t3	l2	80	3	independent_null	explicit target_corr=0.35	0.35	5.0	0.3085	0.9052	0.05	120	300	499	11	0.0367	0.0206	0.0645	79.9652	0.8626	-0.0012	0.4998	0.0599	0.502	0.9202	0.0867
t3	l2	160	1	matched	explicit target_corr=0.35	0.35	8.0	0.2388	0.8789	0.05	120	300	499	225	0.75	0.698	0.7956	167.086	0.8757	0.2293	0.0391	0.002	0.02	0.1222	1.0
t3	l2	160	1	independent_null	explicit target_corr=0.35	0.35	8.0	0.2388	0.8789	0.05	120	300	499	19	0.0633	0.0409	0.0968	159.9998	0.8401	-0.0002	0.511	0.0399	0.544	0.9343	0.0067
t3	l2	160	2	matched	explicit target_corr=0.35	0.35	8.0	0.3632	0.8921	0.05	120	300	499	286	0.9533	0.9232	0.972	171.8685	0.8916	0.3546	0.0126	0.002	0.004	0.0422	2.0
t3	l2	160	2	independent_null	explicit target_corr=0.35	0.35	8.0	0.3632	0.8921	0.05	120	300	499	14	0.0467	0.028	0.0768	159.9058	0.8316	-0.0027	0.5143	0.052	0.509	0.9501	0.0433
t3	l2	160	3	matched	explicit target_corr=0.35	0.35	7.0	0.3658	0.8991	0.05	120	300	499	282	0.94	0.9072	0.9617	171.9841	0.9002	0.3783	0.0103	0.002	0.002	0.0541	3.0
t3	l2	160	3	independent_null	explicit target_corr=0.35	0.35	7.0	0.3658	0.8991	0.05	120	300	499	11	0.0367	0.0206	0.0645	160.1424	0.8367	0.0036	0.4804	0.0714	0.474	0.9302	0.0633
lognormal	l2	20	1	matched	explicit target_corr=0.35	0.35	2.5	0.3323	0.9393	0.05	120	300	499	46	0.1533	0.117	0.1985	20.5999	0.9332	0.283	0.1528	0.01	0.149	0.32	1.0
lognormal	l2	20	1	independent_null	explicit target_corr=0.35	0.35	2.5	0.3323	0.9393	0.05	120	300	499	15	0.05	0.0305	0.0808	19.9731	0.9038	-0.0173	0.5275	0.0499	0.539	0.98	0.0633
lognormal	l2	20	2	matched	explicit target_corr=0.35	0.35	2.5	0.3944	0.9552	0.05	120	300	499	138	0.46	0.4045	0.5165	20.6933	0.957	0.4179	0.0788	0.002	0.057	0.224	2.0
lognormal	l2	20	2	independent_null	explicit target_corr=0.35	0.35	2.5	0.3944	0.9552	0.05	120	300	499	11	0.0367	0.0206	0.0645	20.0202	0.9248	0.0096	0.4858	0.0696	0.485	0.9161	0.2067
lognormal	l2	20	3	matched	explicit target_corr=0.35	0.35	2.0	0.2328	0.9573	0.05	120	300	499	56	0.1867	0.1466	0.2346	20.3253	0.9565	0.246	0.2118	0.004	0.178	0.5722	3.0
lognormal	l2	20	3	independent_null	explicit target_corr=0.35	0.35	2.0	0.2328	0.9573	0.05	120	300	499	12	0.04	0.023	0.0686	19.989	0.943	-0.0061	0.5061	0.0599	0.507	0.9722	0.45
lognormal	l2	40	1	matched	explicit target_corr=0.35	0.35	3.5	0.3352	0.9154	0.05	120	300	499	117	0.39	0.3365	0.4463	42.0635	0.9135	0.3355	0.0664	0.008	0.064	0.136	1.0
lognormal	l2	40	1	independent_null	explicit target_corr=0.35	0.35	3.5	0.3352	0.9154	0.05	120	300	499	17	0.0567	0.0357	0.0889	40.0271	0.8723	0.0054	0.5035	0.0477	0.507	0.96	0.0367
lognormal	l2	40	2	matched	explicit target_corr=0.35	0.35	3.0	0.3779	0.9297	0.05	120	300	499	203	0.6767	0.6218	0.7271	42.0013	0.9312	0.383	0.0398	0.002	0.032	0.1101	2.0
lognormal	l2	40	2	independent_null	explicit target_corr=0.35	0.35	3.0	0.3779	0.9297	0.05	120	300	499	15	0.05	0.0305	0.0808	40.0017	0.8852	0.0002	0.501	0.0535	0.49	0.9561	0.0967
lognormal	l2	40	3	matched	explicit target_corr=0.35	0.35	2.5	0.3379	0.935	0.05	120	300	499	137	0.4567	0.4012	0.5132	41.4377	0.9349	0.3223	0.0657	0.002	0.057	0.162	3.0
lognormal	l2	40	3	independent_null	explicit target_corr=0.35	0.35	2.5	0.3379	0.935	0.05	120	300	499	19	0.0633	0.0409	0.0968	40.1021	0.9046	0.0233	0.4625	0.0417	0.464	0.9441	0.2833
lognormal	l2	80	1	matched	explicit target_corr=0.35	0.35	5.0	0.3716	0.8941	0.05	120	300	499	276	0.92	0.8837	0.9457	86.1203	0.9022	0.3861	0.0219	0.002	0.018	0.052	1.0
lognormal	l2	80	1	independent_null	explicit target_corr=0.35	0.35	5.0	0.3716	0.8941	0.05	120	300	499	16	0.0533	0.0331	0.0849	80.2087	0.8398	0.0148	0.4626	0.0459	0.447	0.94	0.0233
lognormal	l2	80	2	matched	explicit target_corr=0.35	0.35	3.5	0.2998	0.9011	0.05	120	300	499	236	0.7867	0.7368	0.8292	84.3615	0.9043	0.3185	0.0281	0.002	0.022	0.07	2.0
lognormal	l2	80	2	independent_null	explicit target_corr=0.35	0.35	3.5	0.2998	0.9011	0.05	120	300	499	13	0.0433	0.0255	0.0727	79.9741	0.8568	-0.003	0.5141	0.0639	0.529	0.9621	0.0567
lognormal	l2	80	3	matched	explicit target_corr=0.35	0.35	3.5	0.39	0.9155	0.05	120	300	499	299	0.9967	0.9814	0.9994	85.4082	0.9195	0.4051	0.0106	0.002	0.006	0.036	3.0
lognormal	l2	80	3	independent_null	explicit target_corr=0.35	0.35	3.5	0.39	0.9155	0.05	120	300	499	16	0.0533	0.0331	0.0849	79.9514	0.8615	-0.0031	0.508	0.0479	0.505	0.9461	0.0933
lognormal	l2	160	1	matched	explicit target_corr=0.35	0.35	6.0	0.3013	0.8761	0.05	120	300	499	299	0.9967	0.9814	0.9994	170.9546	0.8766	0.3031	0.0154	0.002	0.014	0.032	1.0
lognormal	l2	160	1	independent_null	explicit target_corr=0.35	0.35	6.0	0.3013	0.8761	0.05	120	300	499	21	0.07	0.0462	0.1046	160.2877	0.8226	0.0084	0.4816	0.0319	0.476	0.946	0.01
lognormal	l2	160	2	matched	explicit target_corr=0.35	0.35	5.0	0.3545	0.8884	0.05	120	300	499	300	1.0	0.9874	1.0	172.6196	0.8897	0.3611	0.0072	0.002	0.004	0.0221	2.0
lognormal	l2	160	2	independent_null	explicit target_corr=0.35	0.35	5.0	0.3545	0.8884	0.05	120	300	499	9	0.03	0.0159	0.056	159.8411	0.825	-0.005	0.5165	0.0599	0.524	0.9401	0.0233
lognormal	l2	160	3	matched	explicit target_corr=0.35	0.35	4.5	0.3909	0.8995	0.05	120	300	499	300	1.0	0.9874	1.0	173.0444	0.9003	0.3948	0.0038	0.002	0.002	0.012	3.0
lognormal	l2	160	3	independent_null	explicit target_corr=0.35	0.35	4.5	0.3909	0.8995	0.05	120	300	499	11	0.0367	0.0206	0.0645	160.0565	0.8344	0.0024	0.4831	0.0579	0.486	0.9208	0.06
normal	l1	20	1	matched	explicit target_corr=0.35	0.35	2.5	0.417	0.9332	0.05	120	300	499	114	0.38	0.3269	0.4361	21.0323	0.9307	0.3787	0.1149	0.006	0.074	0.356	1.0
normal	l1	20	1	independent_null	explicit target_corr=0.35	0.35	2.5	0.417	0.9332	0.05	120	300	499	16	0.0533	0.0331	0.0849	20.0014	0.8844	-0.0025	0.5072	0.0477	0.483	0.964	0.0633
normal	l1	20	2	matched	explicit target_corr=0.35	0.35	2.5	0.4397	0.9451	0.05	120	300	499	176	0.5867	0.5302	0.641	21.0868	0.9457	0.4465	0.0753	0.002	0.038	0.2821	2.0
normal	l1	20	2	independent_null	explicit target_corr=0.35	0.35	2.5	0.4397	0.9451	0.05	120	300	499	13	0.0433	0.0255	0.0727	20.0314	0.8947	0.0128	0.4843	0.0579	0.481	0.9143	0.2067
normal	l1	20	3	matched	explicit target_corr=0.35	0.35	2.5	0.4688	0.9559	0.05	120	300	499	183	0.61	0.5537	0.6635	20.9725	0.9542	0.4605	0.0671	0.002	0.028	0.2489	3.0
normal	l1	20	3	independent_null	explicit target_corr=0.35	0.35	2.5	0.4688	0.9559	0.05	120	300	499	12	0.04	0.023	0.0686	19.9549	0.9096	-0.0214	0.5232	0.0619	0.517	0.9641	0.45
normal	l1	40	1	matched	explicit target_corr=0.35	0.35	3.0	0.3799	0.9214	0.05	120	300	499	198	0.66	0.6047	0.7113	42.1775	0.918	0.3572	0.0547	0.004	0.032	0.1902	1.0
normal	l1	40	1	independent_null	explicit target_corr=0.35	0.35	3.0	0.3799	0.9214	0.05	120	300	499	16	0.0533	0.0331	0.0849	39.9589	0.8686	-0.0056	0.5231	0.0458	0.563	0.954	0.0367
normal	l1	40	2	matched	explicit target_corr=0.35	0.35	2.5	0.3549	0.9269	0.05	120	300	499	206	0.6867	0.6321	0.7365	41.9244	0.9278	0.3584	0.0526	0.002	0.02	0.2147	2.0
normal	l1	40	2	independent_null	explicit target_corr=0.35	0.35	2.5	0.3549	0.9269	0.05	120	300	499	13	0.0433	0.0255	0.0727	40.0147	0.8842	0.002	0.494	0.0599	0.477	0.9487	0.0967
normal	l1	40	3	matched	explicit target_corr=0.35	0.35	2.5	0.394	0.9335	0.05	120	300	499	240	0.8	0.7511	0.8413	42.1236	0.9356	0.4048	0.0317	0.002	0.012	0.1245	3.0
normal	l1	40	3	independent_null	explicit target_corr=0.35	0.35	2.5	0.394	0.9335	0.05	120	300	499	19	0.0633	0.0409	0.0968	40.1125	0.8908	0.0233	0.464	0.0419	0.456	0.9263	0.2833
normal	l1	80	1	matched	explicit target_corr=0.35	0.35	3.5	0.3013	0.9075	0.05	120	300	499	256	0.8533	0.8088	0.8889	83.8137	0.9073	0.3028	0.0271	0.002	0.018	0.0881	1.0
normal	l1	80	1	independent_null	explicit target_corr=0.35	0.35	3.5	0.3013	0.9075	0.05	120	300	499	18	0.06	0.0383	0.0928	80.1353	0.8674	0.0108	0.4759	0.04	0.453	0.946	0.0233
normal	l1	80	2	matched	explicit target_corr=0.35	0.35	3.0	0.3419	0.9145	0.05	120	300	499	285	0.95	0.9192	0.9695	84.2526	0.9164	0.3502	0.0126	0.002	0.006	0.0481	2.0
normal	l1	80	2	independent_null	explicit target_corr=0.35	0.35	3.0	0.3419	0.9145	0.05	120	300	499	14	0.0467	0.028	0.0768	79.9855	0.8691	-0.0011	0.5029	0.0559	0.49	0.9425	0.0567
normal	l1	80	3	matched	explicit target_corr=0.35	0.35	2.5	0.2814	0.9175	0.05	120	300	499	253	0.8433	0.7979	0.8801	83.2244	0.9178	0.2969	0.0289	0.002	0.01	0.097	3.0
normal	l1	80	3	independent_null	explicit target_corr=0.35	0.35	2.5	0.2814	0.9175	0.05	120	300	499	12	0.04	0.023	0.0686	79.9622	0.8833	-0.0027	0.5099	0.0599	0.505	0.936	0.0933
normal	l1	160	1	matched	explicit target_corr=0.35	0.35	5.0	0.3664	0.9047	0.05	120	300	499	300	1.0	0.9874	1.0	170.5982	0.9037	0.3644	0.0057	0.002	0.006	0.0121	1.0
normal	l1	160	1	independent_null	explicit target_corr=0.35	0.35	5.0	0.3664	0.9047	0.05	120	300	499	15	0.05	0.0305	0.0808	160.192	0.8494	0.0065	0.4799	0.0518	0.487	0.944	0.01
normal	l1	160	2	matched	explicit target_corr=0.35	0.35	4.0	0.3802	0.9091	0.05	120	300	499	300	1.0	0.9874	1.0	171.0987	0.9091	0.3897	0.0023	0.002	0.002	0.004	2.0
normal	l1	160	2	independent_null	explicit target_corr=0.35	0.35	4.0	0.3802	0.9091	0.05	120	300	499	14	0.0467	0.028	0.0768	160.0085	0.8498	0.0007	0.4995	0.05	0.488	0.9541	0.0233
normal	l1	160	3	matched	explicit target_corr=0.35	0.35	3.5	0.3963	0.9143	0.05	120	300	499	300	1.0	0.9874	1.0	170.4975	0.912	0.3849	0.0023	0.002	0.002	0.004	3.0
normal	l1	160	3	independent_null	explicit target_corr=0.35	0.35	3.5	0.3963	0.9143	0.05	120	300	499	13	0.0433	0.0255	0.0727	160.0116	0.8576	0.0	0.5013	0.0595	0.485	0.9521	0.06
t3	l1	20	1	matched	explicit target_corr=0.35	0.35	4.0	0.3648	0.8805	0.05	120	300	499	88	0.2933	0.2447	0.3472	21.5982	0.8807	0.3509	0.1358	0.008	0.096	0.3896	1.0
t3	l1	20	1	independent_null	explicit target_corr=0.35	0.35	4.0	0.3648	0.8805	0.05	120	300	499	9	0.03	0.0159	0.056	20.068	0.8172	0.0085	0.4793	0.0719	0.471	0.9442	0.0233
t3	l1	20	2	matched	explicit target_corr=0.35	0.35	3.5	0.3464	0.9031	0.05	120	300	499	112	0.3733	0.3205	0.4293	21.2164	0.899	0.3365	0.1597	0.002	0.085	0.525	2.0
t3	l1	20	2	independent_null	explicit target_corr=0.35	0.35	3.5	0.3464	0.9031	0.05	120	300	499	11	0.0367	0.0206	0.0645	19.9822	0.8509	-0.0012	0.4963	0.0759	0.491	0.9366	0.2
t3	l1	20	3	matched	explicit target_corr=0.35	0.35	3.5	0.323	0.9177	0.05	120	300	499	120	0.4	0.3462	0.4564	20.9432	0.9176	0.3334	0.1647	0.002	0.098	0.5372	3.0
t3	l1	20	3	independent_null	explicit target_corr=0.35	0.35	3.5	0.323	0.9177	0.05	120	300	499	19	0.0633	0.0409	0.0968	19.9773	0.8763	-0.0056	0.5111	0.032	0.515	0.962	0.42
t3	l1	40	1	matched	explicit target_corr=0.35	0.35	5.5	0.3432	0.8392	0.05	120	300	499	154	0.5133	0.457	0.5694	44.3836	0.8402	0.3436	0.0787	0.004	0.048	0.2465	1.0
t3	l1	40	1	independent_null	explicit target_corr=0.35	0.35	5.5	0.3432	0.8392	0.05	120	300	499	14	0.0467	0.028	0.0768	39.9634	0.7526	-0.0045	0.5045	0.0538	0.486	0.9561	0.02
t3	l1	40	2	matched	explicit target_corr=0.35	0.35	4.5	0.379	0.8701	0.05	120	300	499	177	0.59	0.5335	0.6442	44.0426	0.8623	0.3609	0.0714	0.002	0.033	0.2726	2.0
t3	l1	40	2	independent_null	explicit target_corr=0.35	0.35	4.5	0.379	0.8701	0.05	120	300	499	16	0.0533	0.0331	0.0849	39.8951	0.7855	-0.0082	0.5221	0.0419	0.527	0.952	0.0967
t3	l1	40	3	matched	explicit target_corr=0.35	0.35	4.0	0.2935	0.8612	0.05	120	300	499	172	0.5733	0.5168	0.628	43.1799	0.8786	0.3434	0.0787	0.002	0.03	0.2743	3.0
t3	l1	40	3	independent_null	explicit target_corr=0.35	0.35	4.0	0.2935	0.8612	0.05	120	300	499	13	0.0433	0.0255	0.0727	39.8824	0.8117	-0.0084	0.5182	0.0559	0.538	0.9581	0.2333
t3	l1	80	1	matched	explicit target_corr=0.35	0.35	8.0	0.3915	0.8273	0.05	120	300	499	254	0.8467	0.8015	0.883	92.3955	0.8212	0.3798	0.0268	0.002	0.016	0.0883	1.0
t3	l1	80	1	independent_null	explicit target_corr=0.35	0.35	8.0	0.3915	0.8273	0.05	120	300	499	8	0.0267	0.0136	0.0517	79.6543	0.706	-0.0108	0.518	0.086	0.501	0.9543	0.0133
t3	l1	80	2	matched	explicit target_corr=0.35	0.35	6.0	0.347	0.8245	0.05	120	300	499	238	0.7933	0.7439	0.8353	89.9309	0.8257	0.3463	0.0299	0.002	0.01	0.1242	2.0
t3	l1	80	2	independent_null	explicit target_corr=0.35	0.35	6.0	0.347	0.8245	0.05	120	300	499	18	0.06	0.0383	0.0928	80.2118	0.7423	0.0096	0.4767	0.0438	0.471	0.9342	0.0633
t3	l1	80	3	matched	explicit target_corr=0.35	0.35	5.5	0.3863	0.8517	0.05	120	300	499	262	0.8733	0.8309	0.9063	90.3578	0.8459	0.3817	0.0231	0.002	0.006	0.1044	3.0
t3	l1	80	3	independent_null	explicit target_corr=0.35	0.35	5.5	0.3863	0.8517	0.05	120	300	499	11	0.0367	0.0206	0.0645	79.8728	0.7492	-0.0024	0.5059	0.0599	0.513	0.9322	0.0833
t3	l1	160	1	matched	explicit target_corr=0.35	0.35	8.0	0.2309	0.7817	0.05	120	300	499	227	0.7567	0.7051	0.8018	173.627	0.7778	0.2207	0.0401	0.002	0.02	0.1324	1.0
t3	l1	160	1	independent_null	explicit target_corr=0.35	0.35	8.0	0.2309	0.7817	0.05	120	300	499	18	0.06	0.0383	0.0928	159.9957	0.7214	-0.0001	0.5111	0.0359	0.556	0.9184	0.0067
t3	l1	160	2	matched	explicit target_corr=0.35	0.35	8.0	0.3486	0.8017	0.05	120	300	499	287	0.9567	0.9273	0.9745	184.0054	0.8011	0.3425	0.0121	0.002	0.004	0.0441	2.0
t3	l1	160	2	independent_null	explicit target_corr=0.35	0.35	8.0	0.3486	0.8017	0.05	120	300	499	14	0.0467	0.028	0.0768	159.7792	0.7016	-0.0034	0.5181	0.0539	0.521	0.9424	0.0433
t3	l1	160	3	matched	explicit target_corr=0.35	0.35	7.0	0.3541	0.8165	0.05	120	300	499	287	0.9567	0.9273	0.9745	184.0828	0.817	0.3679	0.0095	0.002	0.002	0.046	3.0
t3	l1	160	3	independent_null	explicit target_corr=0.35	0.35	7.0	0.3541	0.8165	0.05	120	300	499	13	0.0433	0.0255	0.0727	160.4009	0.709	0.0046	0.4782	0.0618	0.473	0.9182	0.0633
lognormal	l1	20	1	matched	explicit target_corr=0.35	0.35	2.5	0.3517	0.8882	0.05	120	300	499	54	0.18	0.1407	0.2274	21.3528	0.8728	0.2977	0.1459	0.0139	0.147	0.2821	1.0
lognormal	l1	20	1	independent_null	explicit target_corr=0.35	0.35	2.5	0.3517	0.8882	0.05	120	300	499	10	0.0333	0.0182	0.0603	19.9577	0.8156	-0.0193	0.5246	0.0777	0.536	0.9741	0.0633
lognormal	l1	20	2	matched	explicit target_corr=0.35	0.35	2.0	0.2768	0.9089	0.05	120	300	499	57	0.19	0.1496	0.2382	20.7899	0.9068	0.2695	0.1734	0.004	0.168	0.3642	2.0
lognormal	l1	20	2	independent_null	explicit target_corr=0.35	0.35	2.0	0.2768	0.9089	0.05	120	300	499	7	0.0233	0.0113	0.0474	20.0483	0.8738	0.0071	0.4839	0.0619	0.468	0.9341	0.2067
lognormal	l1	20	3	matched	explicit target_corr=0.35	0.35	2.0	0.2871	0.9357	0.05	120	300	499	68	0.2267	0.1829	0.2773	20.7021	0.9305	0.2955	0.1648	0.002	0.142	0.4181	3.0
lognormal	l1	20	3	independent_null	explicit target_corr=0.35	0.35	2.0	0.2871	0.9357	0.05	120	300	499	12	0.04	0.023	0.0686	19.9981	0.9067	0.0029	0.4912	0.0617	0.465	0.9581	0.45
lognormal	l1	40	1	matched	explicit target_corr=0.35	0.35	3.5	0.3251	0.8288	0.05	120	300	499	112	0.3733	0.3205	0.4293	44.8741	0.8233	0.3288	0.0684	0.006	0.066	0.1381	1.0
lognormal	l1	40	1	independent_null	explicit target_corr=0.35	0.35	3.5	0.3251	0.8288	0.05	120	300	499	17	0.0567	0.0357	0.0889	40.0699	0.7469	0.0061	0.4992	0.0459	0.5	0.9442	0.0367
lognormal	l1	40	2	matched	explicit target_corr=0.35	0.35	3.0	0.3791	0.8587	0.05	120	300	499	211	0.7033	0.6493	0.7522	44.5463	0.8635	0.3849	0.0371	0.002	0.03	0.0921	2.0
lognormal	l1	40	2	independent_null	explicit target_corr=0.35	0.35	3.0	0.3791	0.8587	0.05	120	300	499	14	0.0467	0.028	0.0768	39.984	0.7717	-0.0	0.4967	0.056	0.493	0.9461	0.0967
lognormal	l1	40	3	matched	explicit target_corr=0.35	0.35	2.5	0.3663	0.8779	0.05	120	300	499	146	0.4867	0.4306	0.543	43.3174	0.8765	0.3421	0.0534	0.002	0.051	0.1182	3.0
lognormal	l1	40	3	independent_null	explicit target_corr=0.35	0.35	2.5	0.3663	0.8779	0.05	120	300	499	20	0.0667	0.0436	0.1007	40.2381	0.8145	0.0247	0.461	0.0378	0.452	0.924	0.2833
lognormal	l1	80	1	matched	explicit target_corr=0.35	0.35	5.0	0.3451	0.7733	0.05	120	300	499	266	0.8867	0.8458	0.9178	94.1908	0.7924	0.3566	0.0244	0.002	0.02	0.058	1.0
lognormal	l1	80	1	independent_null	explicit target_corr=0.35	0.35	5.0	0.3451	0.7733	0.05	120	300	499	17	0.0567	0.0357	0.0889	80.4236	0.6768	0.0142	0.4657	0.048	0.473	0.9145	0.0233
lognormal	l1	80	2	matched	explicit target_corr=0.35	0.35	4.0	0.3877	0.8224	0.05	120	300	499	296	0.9867	0.9662	0.9948	93.832	0.817	0.3876	0.0126	0.002	0.008	0.036	2.0
lognormal	l1	80	2	independent_null	explicit target_corr=0.35	0.35	4.0	0.3877	0.8224	0.05	120	300	499	12	0.04	0.023	0.0686	80.0537	0.6964	-0.0004	0.5067	0.0617	0.5	0.9541	0.0567
lognormal	l1	80	3	matched	explicit target_corr=0.35	0.35	3.5	0.3824	0.8244	0.05	120	300	499	299	0.9967	0.9814	0.9994	93.1373	0.834	0.4009	0.0092	0.002	0.006	0.03	3.0
lognormal	l1	80	3	independent_null	explicit target_corr=0.35	0.35	3.5	0.3824	0.8244	0.05	120	300	499	14	0.0467	0.028	0.0768	79.8668	0.7195	-0.0042	0.5111	0.052	0.52	0.944	0.0933
lognormal	l1	160	1	matched	explicit target_corr=0.35	0.35	7.0	0.3602	0.7668	0.05	120	300	499	300	1.0	0.9874	1.0	195.9193	0.7572	0.3535	0.0099	0.002	0.008	0.022	1.0
lognormal	l1	160	1	independent_null	explicit target_corr=0.35	0.35	7.0	0.3602	0.7668	0.05	120	300	499	23	0.0767	0.0516	0.1124	160.8054	0.6253	0.0091	0.4816	0.0338	0.48	0.9521	0.01
lognormal	l1	160	2	matched	explicit target_corr=0.35	0.35	5.0	0.3332	0.7668	0.05	120	300	499	300	1.0	0.9874	1.0	190.3354	0.7676	0.3369	0.0065	0.002	0.004	0.02	2.0
lognormal	l1	160	2	independent_null	explicit target_corr=0.35	0.35	5.0	0.3332	0.7668	0.05	120	300	499	12	0.04	0.023	0.0686	159.7098	0.6487	-0.0042	0.5133	0.0559	0.523	0.948	0.0233
lognormal	l1	160	3	matched	explicit target_corr=0.35	0.35	4.5	0.3686	0.7879	0.05	120	300	499	300	1.0	0.9874	1.0	191.4439	0.7897	0.3717	0.0037	0.002	0.002	0.01	3.0
lognormal	l1	160	3	independent_null	explicit target_corr=0.35	0.35	4.5	0.3686	0.7879	0.05	120	300	499	13	0.0433	0.0255	0.0727	160.0973	0.6648	0.0026	0.4845	0.052	0.458	0.9461	0.06
