kind	scale_design	df_label	statistic	n	k_extremes	magnitude	repetitions	matched_median	matched_mean	null_median	null_mad	null_mean	null_sd	null_q95	robust_separation	classical_separation	matched_median_minus_null_q95	median_conditional_permutation_q95	matched_median_minus_median_permutation_q95
l2	common_scale_parameter	normal	c_delta	80	2	8.0	300	1.225335	1.225685	0.992835	0.008342	0.99989	0.028576	1.049525	27.8727	7.9017	0.17581	1.041431	0.183904
l2	common_scale_parameter	normal	divergence_correlation	80	2	8.0	300	0.89675	0.896056	-0.028057	0.032857	-0.000547	0.112352	0.200578	28.1463	7.9803	0.696172	NA	NA
l2	common_scale_parameter	t5	c_delta	80	2	8.0	300	1.166833	1.164679	0.994912	0.01036	1.001696	0.024836	1.062261	16.595	6.5624	0.104572	1.056964	0.109869
l2	common_scale_parameter	t5	divergence_correlation	80	2	8.0	300	0.759241	0.742584	-0.023283	0.045465	0.007584	0.112669	0.297004	17.2117	6.5236	0.462237	NA	NA
l2	common_scale_parameter	t4	c_delta	80	2	8.0	300	1.148327	1.145695	0.994092	0.010921	1.000428	0.024403	1.055392	14.1231	5.9529	0.092934	1.055584	0.092743
l2	common_scale_parameter	t4	divergence_correlation	80	2	8.0	300	0.690891	0.668789	-0.029911	0.048358	0.001472	0.110996	0.269125	14.9055	6.0121	0.421766	NA	NA
l2	common_scale_parameter	t3	c_delta	80	2	8.0	300	1.112991	1.111609	0.992609	0.009458	0.999421	0.024127	1.05299	12.728	4.6499	0.060001	1.050845	0.062147
l2	common_scale_parameter	t3	divergence_correlation	80	2	8.0	300	0.552712	0.526703	-0.032598	0.046198	-0.002971	0.110696	0.245442	12.6696	4.7849	0.30727	NA	NA
l2	common_scale_parameter	t2.5	c_delta	80	2	8.0	300	1.092267	1.090223	0.992538	0.01071	0.998655	0.025515	1.044714	9.3117	3.5888	0.047553	1.050607	0.04166
l2	common_scale_parameter	t2.5	divergence_correlation	80	2	8.0	300	0.44001	0.424516	-0.031634	0.051022	-0.006982	0.109513	0.191671	9.2438	3.9402	0.248339	NA	NA
l2	common_scale_parameter	t2.2	c_delta	80	2	8.0	300	1.067466	1.067489	0.992461	0.012051	1.002087	0.028232	1.063122	6.2241	2.3166	0.004344	1.048751	0.018715
l2	common_scale_parameter	t2.2	divergence_correlation	80	2	8.0	300	0.30368	0.309952	-0.030733	0.052117	0.008842	0.121589	0.285201	6.4166	2.4765	0.018479	NA	NA
l2	common_scale_parameter	t2	c_delta	80	2	8.0	300	1.060042	1.059958	0.992555	0.013333	1.001219	0.033795	1.058306	5.0616	1.7381	0.001736	1.050635	0.009407
l2	common_scale_parameter	t2	divergence_correlation	80	2	8.0	300	0.258776	0.275063	-0.026689	0.05322	0.004872	0.132281	0.259475	5.3639	2.0426	-0.000699	NA	NA
l2	common_mad	normal	c_delta	80	2	8.0	300	1.225254	1.225655	0.992798	0.009131	0.999989	0.029239	1.035437	25.4588	7.718	0.189818	1.052588	0.172666
l2	common_mad	normal	divergence_correlation	80	2	8.0	300	0.897604	0.895964	-0.02783	0.035995	0.000455	0.117485	0.142936	25.7099	7.6223	0.754667	NA	NA
l2	common_mad	t5	c_delta	80	2	8.0	300	1.183811	1.18404	0.991155	0.010096	0.998315	0.025714	1.060384	19.0816	7.2226	0.123427	1.064315	0.119495
l2	common_mad	t5	divergence_correlation	80	2	8.0	300	0.797323	0.781277	-0.037268	0.042089	-0.006497	0.108845	0.253035	19.8292	7.2376	0.544288	NA	NA
l2	common_mad	t4	c_delta	80	2	8.0	300	1.170071	1.170826	0.992174	0.010725	0.998801	0.023724	1.049695	16.5871	7.251	0.120376	1.063288	0.106783
l2	common_mad	t4	divergence_correlation	80	2	8.0	300	0.749266	0.734152	-0.031723	0.045307	-0.004714	0.10426	0.219509	17.2378	7.0867	0.529757	NA	NA
l2	common_mad	t3	c_delta	80	2	8.0	300	1.148389	1.144671	0.991849	0.010749	1.00059	0.027493	1.060764	14.5636	5.2407	0.087626	1.058581	0.089809
l2	common_mad	t3	divergence_correlation	80	2	8.0	300	0.65656	0.624444	-0.033831	0.046221	0.001842	0.115986	0.259139	14.9368	5.3679	0.397421	NA	NA
l2	common_mad	t2.5	c_delta	80	2	8.0	300	1.12271	1.12064	0.991596	0.011336	1.000115	0.024544	1.049623	11.5661	4.9106	0.073087	1.056705	0.066005
l2	common_mad	t2.5	divergence_correlation	80	2	8.0	300	0.540794	0.515557	-0.034537	0.047203	0.001668	0.10701	0.223383	12.1884	4.8022	0.317411	NA	NA
l2	common_mad	t2.2	c_delta	80	2	8.0	300	1.102046	1.100405	0.992497	0.011452	1.001395	0.028539	1.059223	9.5656	3.4693	0.042824	1.055637	0.046409
l2	common_mad	t2.2	divergence_correlation	80	2	8.0	300	0.428963	0.426169	-0.029589	0.045656	0.006174	0.11286	0.261876	10.0436	3.7214	0.167086	NA	NA
l2	common_mad	t2	c_delta	80	2	8.0	300	1.08592	1.0857	0.989669	0.010744	0.998923	0.028499	1.058409	8.9589	3.0449	0.027511	1.055853	0.030066
l2	common_mad	t2	divergence_correlation	80	2	8.0	300	0.358602	0.355737	-0.036189	0.043287	-0.004349	0.111448	0.234395	9.1203	3.231	0.124207	NA	NA
l2	common_variance	normal	c_delta	80	2	8.0	300	1.225134	1.226242	0.995723	0.010601	1.004539	0.034028	1.106594	21.6409	6.5154	0.11854	1.048715	0.176419
l2	common_variance	normal	divergence_correlation	80	2	8.0	300	0.897701	0.896791	-0.016876	0.042497	0.017652	0.13423	0.422594	21.5212	6.5495	0.475107	NA	NA
l2	common_variance	t5	c_delta	80	2	8.0	300	1.23383	1.233759	0.991144	0.009529	1.00004	0.032041	1.072779	25.4676	7.2945	0.161051	1.06298	0.17085
l2	common_variance	t5	divergence_correlation	80	2	8.0	300	0.869216	0.857156	-0.031436	0.034189	-0.000155	0.116978	0.299347	26.3432	7.3288	0.56987	NA	NA
l2	common_variance	t4	c_delta	80	2	8.0	300	1.239482	1.238953	0.990634	0.009	1.003811	0.039081	1.111503	27.6498	6.0168	0.127979	1.082305	0.157177
l2	common_variance	t4	divergence_correlation	80	2	8.0	300	0.860778	0.843732	-0.033549	0.032118	0.013077	0.136641	0.402703	27.8451	6.0791	0.458075	NA	NA
l2	common_variance	t3	c_delta	80	2	8.0	300	1.256101	1.252305	0.98982	0.008857	1.00163	0.036418	1.109373	30.0639	6.8832	0.146727	1.085552	0.170549
l2	common_variance	t3	divergence_correlation	80	2	8.0	300	0.850219	0.818174	-0.032888	0.028513	0.005761	0.119894	0.358972	30.9722	6.7761	0.491247	NA	NA
l2	common_variance	t2.5	c_delta	80	2	8.0	300	1.293336	1.282277	0.986825	0.007247	0.998377	0.037311	1.092934	42.2919	7.6091	0.200401	1.091599	0.201736
l2	common_variance	t2.5	divergence_correlation	80	2	8.0	300	0.871915	0.824657	-0.038455	0.021362	-0.005499	0.106809	0.274977	42.6162	7.7724	0.596938	NA	NA
l2	common_variance	t2.2	c_delta	80	2	8.0	300	1.358643	1.343396	0.98562	0.005216	0.99923	0.044478	1.09937	71.513	7.7379	0.259273	1.10069	0.257952
l2	common_variance	t2.2	divergence_correlation	80	2	8.0	300	0.922487	0.869889	-0.036695	0.012982	-0.001997	0.111495	0.229088	73.8876	7.8199	0.693399	NA	NA
l1	common_scale_parameter	normal	c_delta	80	2	8.0	300	1.492081	1.492588	0.983641	0.019363	0.993822	0.05427	1.050159	26.2584	9.1905	0.441922	1.112208	0.379873
l1	common_scale_parameter	normal	divergence_correlation	80	2	8.0	300	0.877933	0.874851	-0.02824	0.03504	-0.010421	0.095306	0.091985	25.8614	9.2888	0.785948	NA	NA
l1	common_scale_parameter	t5	c_delta	80	2	8.0	300	1.345572	1.347106	0.983887	0.025636	1.000024	0.05785	1.131141	14.1083	5.9997	0.214431	1.124987	0.220585
l1	common_scale_parameter	t5	divergence_correlation	80	2	8.0	300	0.732808	0.721808	-0.035661	0.055401	0.000146	0.119259	0.300498	13.871	6.0512	0.432309	NA	NA
l1	common_scale_parameter	t4	c_delta	80	2	8.0	300	1.298167	1.302899	0.983807	0.022277	0.996483	0.049354	1.098671	14.1113	6.2085	0.199496	1.118181	0.179986
l1	common_scale_parameter	t4	divergence_correlation	80	2	8.0	300	0.657837	0.645267	-0.033504	0.046237	-0.007307	0.106221	0.216697	14.952	6.1436	0.44114	NA	NA
l1	common_scale_parameter	t3	c_delta	80	2	8.0	300	1.24357	1.247825	0.989013	0.027226	1.002926	0.053745	1.124926	9.3497	4.5567	0.118644	1.108248	0.135322
l1	common_scale_parameter	t3	divergence_correlation	80	2	8.0	300	0.558529	0.537882	-0.023289	0.058646	0.006964	0.113268	0.251963	9.9208	4.6873	0.306566	NA	NA
l1	common_scale_parameter	t2.5	c_delta	80	2	8.0	300	1.190927	1.194914	0.989313	0.029151	1.005516	0.080885	1.119027	6.9162	2.3416	0.0719	1.105296	0.085631
l1	common_scale_parameter	t2.5	divergence_correlation	80	2	8.0	300	0.424498	0.409765	-0.02607	0.057034	0.005844	0.115121	0.256527	7.9	3.5087	0.167971	NA	NA
l1	common_scale_parameter	t2.2	c_delta	80	2	8.0	300	1.161915	1.164273	0.983264	0.028245	0.998206	0.058043	1.112806	6.3251	2.8611	0.049109	1.112867	0.049048
l1	common_scale_parameter	t2.2	divergence_correlation	80	2	8.0	300	0.338805	0.331153	-0.031829	0.049581	-0.000474	0.11008	0.235357	7.4753	3.0126	0.103449	NA	NA
l1	common_scale_parameter	t2	c_delta	80	2	8.0	300	1.136039	1.135356	0.983357	0.035405	0.998263	0.07264	1.120935	4.3125	1.8873	0.015104	1.122298	0.013741
l1	common_scale_parameter	t2	divergence_correlation	80	2	8.0	300	0.245685	0.259989	-0.028751	0.055909	0.000872	0.114788	0.211825	4.9086	2.2574	0.03386	NA	NA
l1	common_mad	normal	c_delta	80	2	8.0	300	1.492693	1.497449	0.984542	0.020482	1.00116	0.069008	1.190282	24.8095	7.1918	0.302411	1.114457	0.378236
l1	common_mad	normal	divergence_correlation	80	2	8.0	300	0.875441	0.875737	-0.026871	0.037653	0.002519	0.122962	0.367805	23.9638	7.1015	0.507635	NA	NA
l1	common_mad	t5	c_delta	80	2	8.0	300	1.400173	1.398185	0.984715	0.02426	1.000877	0.059116	1.150722	17.1252	6.7209	0.24945	1.13049	0.269683
l1	common_mad	t5	divergence_correlation	80	2	8.0	300	0.767405	0.757173	-0.031229	0.047927	0.00238	0.114607	0.309802	16.6637	6.5859	0.457603	NA	NA
l1	common_mad	t4	c_delta	80	2	8.0	300	1.359975	1.364716	0.982983	0.024428	0.998481	0.057874	1.141376	15.4326	6.3282	0.2186	1.134725	0.22525
l1	common_mad	t4	divergence_correlation	80	2	8.0	300	0.717298	0.707969	-0.033594	0.049195	-0.003776	0.111653	0.278132	15.2637	6.3746	0.439166	NA	NA
l1	common_mad	t3	c_delta	80	2	8.0	300	1.30657	1.313273	0.986407	0.030042	1.00263	0.061439	1.139582	10.6571	5.0561	0.166988	1.127514	0.179056
l1	common_mad	t3	divergence_correlation	80	2	8.0	300	0.618508	0.603376	-0.024266	0.055193	0.006038	0.115757	0.25909	11.6459	5.1603	0.359418	NA	NA
l1	common_mad	t2.5	c_delta	80	2	8.0	300	1.267213	1.268982	0.981452	0.026665	0.997895	0.06191	1.128744	10.7165	4.3787	0.138469	1.129124	0.138088
l1	common_mad	t2.5	divergence_correlation	80	2	8.0	300	0.522018	0.492528	-0.031151	0.051411	-0.001646	0.113124	0.239757	10.7597	4.3684	0.282261	NA	NA
l1	common_mad	t2.2	c_delta	80	2	8.0	300	1.243923	1.242381	0.97859	0.031253	0.999099	0.072691	1.133495	8.4898	3.3468	0.110428	1.128301	0.115621
l1	common_mad	t2.2	divergence_correlation	80	2	8.0	300	0.455902	0.437524	-0.034769	0.046344	0.001713	0.11641	0.249463	10.5876	3.7438	0.206439	NA	NA
l1	common_mad	t2	c_delta	80	2	8.0	300	1.210308	1.214339	0.982906	0.036873	1.011205	0.119279	1.155665	6.1672	1.703	0.054643	1.131482	0.078826
l1	common_mad	t2	divergence_correlation	80	2	8.0	300	0.361673	0.368167	-0.026879	0.050995	0.010926	0.126324	0.260734	7.6193	2.828	0.100939	NA	NA
l1	common_variance	normal	c_delta	80	2	8.0	300	1.497477	1.501646	0.982246	0.019177	0.995053	0.053537	1.069355	26.8674	9.4625	0.428122	1.1022	0.395277
l1	common_variance	normal	divergence_correlation	80	2	8.0	300	0.880577	0.876471	-0.032523	0.03276	-0.007908	0.098282	0.115006	27.8723	8.9984	0.765571	NA	NA
l1	common_variance	t5	c_delta	80	2	8.0	300	1.547509	1.551365	0.979107	0.028493	0.996854	0.067778	1.120148	19.9485	8.1812	0.427361	1.176793	0.370715
l1	common_variance	t5	divergence_correlation	80	2	8.0	300	0.831898	0.823097	-0.031942	0.04221	-0.004093	0.101859	0.155668	20.4654	8.121	0.67623	NA	NA
l1	common_variance	t4	c_delta	80	2	8.0	300	1.571815	1.572586	0.973522	0.025207	0.991743	0.069988	1.110658	23.7354	8.2992	0.461157	1.196249	0.375566
l1	common_variance	t4	divergence_correlation	80	2	8.0	300	0.824833	0.809364	-0.03501	0.03666	-0.011638	0.098434	0.14736	23.4544	8.3406	0.677473	NA	NA
l1	common_variance	t3	c_delta	80	2	8.0	300	1.661373	1.674865	0.970704	0.030165	0.996535	0.098283	1.248149	22.8962	6.9018	0.413224	1.237259	0.424114
l1	common_variance	t3	divergence_correlation	80	2	8.0	300	0.807061	0.782567	-0.035649	0.035497	-0.003261	0.113838	0.322668	23.7406	6.9031	0.484393	NA	NA
l1	common_variance	t2.5	c_delta	80	2	8.0	300	1.878363	1.875189	0.962475	0.03529	0.999967	0.129802	1.326199	25.9535	6.7428	0.552164	1.313922	0.564442
l1	common_variance	t2.5	divergence_correlation	80	2	8.0	300	0.820372	0.786302	-0.034424	0.032601	0.000135	0.116708	0.314883	26.2203	6.7362	0.505489	NA	NA
l1	common_variance	t2.2	c_delta	80	2	8.0	300	2.36932	2.376248	0.942594	0.035165	1.005978	0.194981	1.530612	40.5721	7.0277	0.838709	1.445201	0.924119
l1	common_variance	t2.2	divergence_correlation	80	2	8.0	300	0.896291	0.853758	-0.036524	0.022728	0.004718	0.122064	0.369235	41.043	6.9557	0.527056	NA	NA
